xh,hz,,fan
1,һ,,һ
2,,,
3,,,
4,,,f
5,,,
6,,,
7,,,
8,,,
9,,,
10,,,c
11,ؤ,,ؤ
12,,,h
13,ר,,
14,,,
15,ا,,ا
16,,,
17,,,
18,,,
19,ҵ,,I
20,,,
21,,,|
22,˿,,z
23,ة,,ة
24,,,G
25,,,
26,,,
27,ɥ,,
28,,,
29,Ѿ,,Ѿ
30,,,
31,,,S
32,,,
33,,,R
34,,,
35,,,
36,Ϊ,,
37,,,
38,,,
39,,,e
40,V,,V
41,,,
42,,,
43,ô,,N
44,,,x
45,֮,,֮
46,,,
47,է,,է
48,,,
49,,,
50,,,
51,ƹ,,ƹ
52,,,
53,,,
54,,,
55,,,
56,,,
57,ؿ,,ؿ
58,,,
59,,,
60,Ҳ,,Ҳ
61,ϰ,,
62,,,l
63,,,
64,,,
65,,,I
66,,,y
67,,,
68,Ǭ,,Ǭ
69,,,
70,,,
71,,,
72,,,
73,,,
74,ء,,ء
75,,,
76,,,̝
77,,,
78,,,
79,,,
80,,,
81,,,
82,ب,,
83,,,
84,Щ,,Щ
85,ؽ,,ؽ
86,,,
87,,,
88,,,
89,,,
90,,,
91,,,a
92,,,
93,Ķ,,
94,,,
95,,,
96,ͤ,,ͤ
97,,,
98,,,H
99,,,
100,,,C
101,,,
102,,,
103,,,
104,,,|
105,ʲ,,ʲ
106,,,
107,,,
108,,,
109,,,
110,,,H
111,,,
112,,,
113,,,
114,,,
115,,,
116,,,
117,,,
118,,,
119,,,}
120,,,
121,,,
122,,,
123,,,
124,,,
125,,,
126,,,
127,Ǫ,,Ǫ
128,,,
129,,,
130,,,
131,,,
132,,,
133,,,x
134,,,
135,,,
136,,,
137,,,
138,,,
139,,,
140,,,
141,,,r
142,,,
143,,,
144,,,
145,,,
146,,,
147,,,
148,,,
149,,,
150,,,
151,,,
152,,,
153,,,
154,,,
155,,,
156,,,
157,,,
158,,,
159,ɡ,,
160,ΰ,,
161,,,
162,,,
163,,,
164,,,t
165,,,
166,,,
167,α,,
168,,,
169,,,
170,,,
171,,,
172,,,
173,,,
174,,,
175,,,
176,٤,,٤
177,,,
178,,,
179,,,
180,λ,,λ
181,,,
182,ס,,ס
183,,,
184,,,
185,,,w
186,,,
187,٢,,٢
188,,,
189,,,
190,,,
191,,,
192,,,
193,,,
194,,,
195,١,,١
196,,,
197,Ӷ,,
198,,,
199,,,L
200,,,
201,,,
202,,,
203,,,
204,,,
205,٦,,٦
206,٥,,٥
207,٬,,٬
208,ٮ,,ٮ
209,٫,,٫
210,ʹ,,ʹ
211,٩,,٩
212,ֶ,,ֶ
213,,,
214,٨,,٨
215,,,
216,,,
217,٪,,٪
218,٧,,٧
219,ٰ,,ٰ
220,,,
221,,,
222,,,
223,,,b
224,,,H
225,,,e
226,,,
227,,,
228,,,S
229,,,~
230,٭,,
231,ٯ,,z
232,,,
233,,,
234,,,
235,,,
236,,,
237,,,
238,ٴ,,ٴ
239,,,
240,,,
241,,,
242,,,
243,ٸ,,ٸ
244,,,
245,,,
246,ٵ,,ٵ
247,ٷ,,ٷ
248,,,
249,,,
250,ٹ,,ٹ
251,,,
252,ٶ,,R
253,ٱ,,
254,ٲ,,
255,,,z
256,ٳ,,
257,,,
258,,,
259,,,
260,,,
261,ٽ,,ٽ
262,l,,l
263,m,,m
264,ٺ,,ٺ
265,,,
266,,,
267,,,
268,,,
269,ٿ,,ٿ
270,,,
271,,,
272,,,
273,,,
274,,,
275,,,
276,,,
277,,,
278,,,
279,,,
280,,,
281,,,
282,,,
283,ٻ,,ٻ
284,,,
285,پ,,پ
286,,,
287,ծ,,
288,,,
289,ֵ,,ֵ
290,,,A
291,,,
292,,,
293,,,
294,ټ,,ټ
295,,,
296,ƫ,,ƫ
297,,,
298,,,
299,ͣ,,ͣ
300,,,
301,,,
302,,,
303,ż,,ż
304,͵,,͵
305,,,E
306,,,f
307,,,
308,,,
309,,,
310,,,
311,,,
312,,,
313,,,
314,,,
315,,,
316,,,
317,,,
318,,,
319,ɵ,,ɵ
320,J,,J
321,,,
322,,,
323,,,
324,,,
325,ɮ,,ɮ
326,,,
327,,,
328,,,
329,k,,k
330,,,
331,,,
332,Ƨ,,Ƨ
333,,,
334,,,
335,,,
336,,,
337,,,
338,,,
339,أ,,أ
340,,,
341,Ԫ,,Ԫ
342,,,
343,,,
344,,,
345,,,
346,,,
347,,,
348,,,
349,,,
350,,,
351,,,
352,,,
353,,,h
354,,,
355,,,
356,,,
357,ȫ,,ȫ
358,,,
359,,,
360,,,
361,,,
362,,,m
363,,,
364,,,P
365,,,d
366,,,
367,,,
368,,,
369,,,
370,,,Ɲ
371,,,B
372,,,
373,,,F
374,,,
375,,,
376,,,
377,,,
378,Ƚ,,Ƚ
379,,,
380,,,
381,ð,,ð
382,,,
383,,,
384,д,,
385,,,܊
386,ũ,,r
387,,,
388,ڣ,,ڣ
389,ԩ,,ԩ
390,ڤ,,ڤ
391,,,
392,,,T
393,,,
394,,,
395,,,_
396,,,Q
397,,,r
398,ұ,,ұ
399,,,
400,,,
401,,,
402,,,
403,,,
404,,,D
405,׼,,
406,ڡ,,ڡ
407,,,
408,,,
409,,,R
410,,,p
411,,,
412,,,C
413,,,
414,,,
415,,,
416,,,P
417,,,D
418,ƾ,,{
419,,,P
420,,,
421,,,
422,,,
423,͹,,͹
424,,,
425,,,
426,,,
427,,,
428,,,
429,,,
430,,,
431,,,
432,,,
433,,,
434,,,
435,,,
436,,,
437,ۻ,,c
438,,,
439,,,
440,,,
441,,,
442,,,
443,,,
444,,,t
445,,,
446,,,
447,,,
448,ɾ,,h
449,,,
450,,,
451,,,
452,,,e
453,,,q
454,,,
455,,,
456,,,
457,,,u
458,ˢ,,ˢ
459,ȯ,,ȯ
460,ɲ,,x
461,,,
462,,,
463,,,
464,,,
465,,,
466,,,
467,,,
468,,,
469,r,,r
470,,,
471,,,
472,ǰ,,ǰ
473,,,
474,,,
475,,,
476,|,,|
477,,,
478,,,
479,,,
480,,,
481,,,
482,,,
483,,,
484,ʣ,,ʣ
485,,,
486,,,
487,,,
488,,,
489,,,
490,,,
491,,,
492,,,
493,,,
494,,,
495,,,
496,Ȱ,,
497,,,k
498,,,
499,,,
500,,,
501,۽,,
502,,,
503,,,
504,,,
505,Ŭ,,Ŭ
506,,,
507,۾,,۾
508,ۿ,,ۿ
509,,,
510,,,
511,,,
512,,,
513,,,
514,,,
515,,,
516,,,
517,ѫ,,
518,,,
519,,,
520,,,
521,,,
522,,,
523,,,
524,ļ,,ļ
525,,,
526,,,
527,,,
528,,,
529,,,
530,,,
531,,,
532,,,
533,,,
534,,,
535,,,
536,,,
537,ذ,,ذ
538,,,
539,,,
540,,,
541,F,,F
542,,,
543,,,
544,,,
545,ϻ,,ϻ
546,,,Q
547,,,
548,,,T
549,ƥ,,ƥ
550,,,^
551,ҽ,,t
552,,,
553,,,
554,ʮ,,ʮ
555,ǧ,,ǧ
556,ئ,,ئ
557,,,
558,,,
559,,,
560,,,
561,,,A
562,Э,,f
563,,,
564,,,
565,׿,,׿
566,,,
567,,,u
568,,,
569,,,
570,,,N
571,,,
572,߲,,߲
573,ռ,,ռ
574,,,
575,¬,,R
576,,,
577,±,,u
578,,,
579,,,P
580,,,l
581,ش,,ش
582,î,,î
583,ӡ,,ӡ
584,Σ,,Σ
585,,,
586,ȴ,,s
587,,,
588,,,
589,ж,,ж
590,,,
591,,,
592,,,S
593,,,
594,,,d
595,,,v
596,,,
597,ѹ,,
598,,,
599,,,
600,,,
601,,,
602,,,
603,,,
604,ԭ,,ԭ
605,,,
606,,,
607,,,
608,,,B
609,,,N
610,,,
611,,,P
612,ȥ,,ȥ
613,,,
614,,,h
615,,,
616,,,
617,,,
618,,,
619,,,
620,,,
621,˫,,p
622,,,
623,,,l
624,,,
625,ȡ,,ȡ
626,,,
627,,,׃
628,,,
629,,,
630,,,
631,,,B
632,,,
633,,,
634,,,
635,,,
636,߶,,߶
637,ߵ,,ߵ
638,ֻ,,ֻ
639,,,
640,,,
641,,,
642,,,
643,,,
644,̨,,_
645,߳,,߳
646,ʷ,,ʷ
647,,,
648,,,
649,Ҷ,,~
650,,,̖
651,˾,,˾
652,̾,,@
653,߷,,߷
654,,,
655,ߴ,,\
656,,,n
657,,,
658,,,
659,ߺ,,ߺ
660,,,
661,,,
662,,,
663,ͬ,,ͬ
664,,,
665,,,
666,,,
667,,,
668,,,
669,,,
670,,,
671,,,
672,,,
673,,,
674,,,
675,,,
676,,,
677,,,
678,,,w
679,,,
680,,,
681,,,
682,,,
683,,,
684,,, 
685,,,
686,˱,,˱
687,,,
688,֨,,֨
689,,,
690,,,
691,,,
692,,,
693,,,
694,,,
695,,,
696,,,
697,ѽ,,ѽ
698,,,
699,,,
700,,,
701,,,
702,߻,,߻
703,,,
704,߽,,
705,߾,,߾
706,Ż,,I
707,߿,,
708,,,h
709,Ա,,T
710,,,J
711,Ǻ,,
712,,,
713,,,
714,,,
715,,,
716,,,
717,,,
718,,,
719,ζ,,ζ
720,,,
721,,,
722,,,
723,,,
724,,,
725,,,
726,,,
727,,,
728,,,
729,,,
730,,,
731,զ,,զ
732,,,
733,,,
734,ӽ,,ԁ
735,,,
736,,,
737,,,U
738,,,
739,,,
740,,,
741,,,
742,,,
743,,,z
744,,,
745,,,
746,,,
747,,,
748,,,
749,,,
750,,,
751,,,
752,ҧ,,ҧ
753,,,
754,,,
755,,,
756,,,
757,,,j
758,,,y
759,,,
760,,,
761,,,
762,,,
763,Ʒ,,Ʒ
764,,,
765,,,
766,,,
767,,,
768,,,
769,,,
770,,,
771,,,
772,,,
773,,,
774,,,
775,,,
776,,,^
777,,,
778,,,
779,,,W
780,,,
781,,,
782,,,
783,,,
784,Ӵ,,
785,,,
786,Ŷ,,Ŷ
787,,,
788,,,
789,,,
790,,,
791,,,
792,,,
793,,,
794,,,
795,,,
796,,,
797,,,
798,,,
799,,,
800,,,
801,,,
802,,,
803,,,
804,,,
805,,,
806,,,
807,,,O
808,y,,y
809,,,Z
810,,,
811,,,
812,,,
813,,,
814,,,
815,,,
816,,,
817,Ψ,,Ψ
818,,,
819,,,
820,,,
821,,,
822,,,
823,,,
824,,,
825,,,
826,,,
827,,,
828,,,
829,,,
830,,,
831,,,
832,,,
833,,,
834,,,
835,ơ,,ơ
836,ɶ,,ɶ
837,,,
838,,,K
839,ž,,ž
840,,,
841,,,
842,,,
843,,,
844,,,
845,,,
846,,,
847,,,
848,Х,,[
849,,,
850,,,
851,,,
852,,,
853,,,
854,ι,,j
855,,,
856,,,
857,,,
858,,,
859,,,
860,,,
861,,,
862,,,
863,,,
864,,,
865,,,
866,,,
867,ϲ,,ϲ
868,,,
869,,,
870,,,
871,,,
872,,,
873,,,
874,,,
875,,,
876,,,
877,,,
878,,,D
879,,,
880,,,
881,,,
882,,,
883,,,
884,,,
885,,,
886,,,
887,ɤ,,ɤ
888,,,
889,,,
890,,,
891,,,
892,,,
893,,,
894,,,
895,,,
896,,,
897,,,
898,,,
899,,,
900,,,
901,,,
902,,,
903,,,
904,,,
905,,,
906,,,
907,,,
908,,,
909,,,
910,,,
911,,,
912,,,
913,,,
914,,,
915,,,
916,,,
917,,,u
918,N,,N
919,,,
920,,,
921,,,
922,R,,R
923,,,
924,,,
925,,,
926,,,
927,,,
928,,,
929,,,
930,,,
931,˻,,˻
932,,,
933,,,
934,,,
935,e,,e
936,,,
937,,,
938,ҭ,,ҭ
939,,,
940,,,
941,,,
942,,,
943,,,
944,,,
945,,,
946,ج,,ج
947,,,
948,,,
949,,,
950,,,
951,,,
952,,,
953,,,
954,,,
955,,,
956,,,
957,,,
958,,,
959,,,
960,,,
961,,,
962,,,o
963,,,
964,,,
965,,,
966,,,
967,,,
968,,,
969,,,
970,,,
971,ض,,ض
972,,,
973,,,
974,,,F
975,,,
976,,,
977,԰,,@
978,,,
979,,,
980,Χ,,
981,,,
982,,,
983,,,
984,,,
985,ͼ,,D
986,,,
987,,,
988,,,
989,Բ,,A
990,Ȧ,,Ȧ
991,,,
992,,,
993,,,
994,,,
995,ʥ,,}
996,,,
997,,,
998,,,
999,,,
1000,,,
1001,,,
1002,,,
1003,,,
1004,,,
1005,,,
1006,,,
1007,,,
1008,,,
1009,ַ,,ַ
1010,,,
1011,,,
1012,,,
1013,,,
1014,̮,,̮
1015,,,
1016,,,
1017,,,
1018,,,
1019,,,K
1020,,,
1021,̳,,
1022,,,
1023,,,
1024,,,]
1025,,,
1026,׹,,
1027,,,
1028,,,
1029,̹,,̹
1030,,,
1031,,,
1032,ƺ,,ƺ
1033,,,
1034,,,
1035,,,
1036,,,
1037,,,
1038,,,
1039,,,
1040,,,
1041,,,
1042,¢,,
1043,,,
1044,,,
1045,,,
1046,,,
1047,,,
1048,,,
1049,,,
1050,,,
1051,,,
1052,,,
1053,,,
1054,,,
1055,,,
1056,ԫ,,ԫ
1057,,,
1058,,,
1059,,,s
1060,,,
1061,,,|
1062,,,
1063,,,
1064,,,
1065,,,
1066,,,N
1067,,,
1068,,,
1069,,,
1070,,,
1071,,,
1072,,,
1073,,,
1074,,,
1075,,,
1076,,,P
1077,,,_
1078,,,
1079,,,|
1080,,,
1081,,,
1082,ܤ,,ܤ
1083,,,
1084,,,
1085,,,
1086,,,
1087,,,
1088,,,
1089,ܣ,,ܣ
1090,,,
1091,,,
1092,,,
1093,,,
1094,ܡ,,ܡ
1095,,,
1096,ܢ,,ܢ
1097,ǵ,,q
1098,,,
1099,ܧ,,ܧ
1100,ܦ,,ܦ
1101,ܩ,,ܩ
1102,,,
1103,,,
1104,,,
1105,,,
1106,,,
1107,E,,E
1108,ܨ,,ܨ
1109,G,,G
1110,I,,I
1111,,,
1112,,,
1113,,,
1114,,,
1115,,,
1116,,,
1117,ܪ,,ܪ
1118,,,
1119,ܫ,,ܫ
1120,f,,f
1121,,,
1122,ܯ,,ܯ
1123,ܬ,,ܬ
1124,,,
1125,,,
1126,{,,{
1127,ܭ,,ܭ
1128,,,
1129,Ĺ,,Ĺ
1130,ǽ,,
1131,,,
1132,,,
1133,,,
1134,ī,,ī
1135,,,
1136,,,
1137,,,
1138,,,
1139,,,
1140,,,
1141,,,
1142,ʿ,,ʿ
1143,,,
1144,׳,,
1145,,,
1146,,,
1147,,,
1148,Ҽ,,Ҽ
1149,,,̎
1150,,,
1151,,,
1152,,,
1153,,,
1154,Ϧ,,Ϧ
1155,,,
1156,,,
1157,,,
1158,ҹ,,ҹ
1159,,,
1160,,,
1161,,,
1162,,,
1163,,,
1164,̫,,̫
1165,,,
1166,,,
1167,ز,,ز
1168,,,
1169,,,
1170,ʧ,,ʧ
1171,ͷ,,^
1172,,,
1173,,,F
1174,,,A
1175,,,Z
1176,,,
1177,,,Y
1178,ۼ,,J
1179,,,
1180,,,
1181,,,
1182,,,
1183,,,^
1184,,,
1185,,,
1186,,,
1187,,,
1188,,,
1189,,,
1190,,,
1191,,,
1192,,,
1193,,,
1194,,,
1195,,,W
1196,],,]
1197,Ů,,Ů
1198,ū,,ū
1199,,,
1200,,,
1201,,,
1202,,,
1203,,,
1204,,,
1205,,,
1206,,,
1207,ױ,,y
1208,,,D
1209,,,
1210,,,
1211,,,
1212,,,
1213,,,
1214,,,
1215,,,
1216,,,
1217,,,
1218,,,
1219,,,
1220,,,
1221,,,
1222,,,
1223,,,
1224,,,
1225,,,
1226,,,
1227,,,
1228,,,
1229,,,
1230,,,
1231,ķ,,ķ
1232,,,
1233,ʼ,,ʼ
1234,,,
1235,,,
1236,,,
1237,,,
1238,ί,,ί
1239,,,
1240,,,
1241,Ҧ,,Ҧ
1242,,,
1243,,,
1244,,,
1245,,,
1246,,,
1247,,,
1248,,,
1249,,,
1250,,,
1251,,,
1252,,,
1253,,,
1254,,,
1255,¦,,
1256,,,I
1257,,,
1258,,,
1259,,,D
1260,,,
1261,,,
1262,,,
1263,,,
1264,,,
1265,,,
1266,,,
1267,,,
1268,,,
1269,,,
1270,,,
1271,,,
1272,,,z
1273,,,
1274,Ȣ,,Ȣ
1275,,,
1276,,,
1277,,,
1278,,,
1279,,,
1280,,,
1281,,,
1282,,,
1283,,,
1284,,,
1285,,,
1286,O,,O
1287,Ӥ,,
1288,,,
1289,,,
1290,,,
1291,,,
1292,,,
1293,ý,,ý
1294,,,
1295,,,
1296,,,
1297,,,
1298,ϱ,,ϱ
1299,,,
1300,,,
1301,,,
1302,,,
1303,ɩ,,ɩ
1304,,,
1305,,,
1306,,,
1307,,,
1308,,,
1309,,,
1310,,,
1311,,,
1312,,,
1313,,,
1314,,,
1315,,,
1316,,,
1317,,,
1318,,,
1319,,,
1320,,,
1321,,,
1322,,,
1323,,,
1324,,,
1325,,,
1326,,,
1327,,,
1328,,,
1329,,,
1330,,,
1331,,,
1332,,,
1333,,,O
1334,,,
1335,,,
1336,,,
1337,Т,,Т
1338,,,
1339,,,
1340,,,
1341,,,
1342,,,
1343,ѧ,,W
1344,,,
1345,,,\
1346,ث,,ث
1347,,,
1348,,,
1349,,,
1350,,,
1351,,,
1352,,,
1353,,,
1354,,,
1355,,,
1356,լ,,լ
1357,,,
1358,,,
1359,,,
1360,,,
1361,,,
1362,,,
1363,,,
1364,,,
1365,,,
1366,,,
1367,,,
1368,,,
1369,,,
1370,,,
1371,,,
1372,ʵ,,
1373,,,
1374,,,
1375,,,
1376,,,
1377,,,
1378,,,
1379,,,
1380,,,
1381,,,m
1382,k,,k
1383,,,
1384,,,
1385,,,
1386,,,
1387,,,
1388,,,
1389,,,
1390,,,
1391,,,e
1392,,,
1393,,,
1394,,,
1395,,,
1396,,,
1397,,,
1398,,,
1399,,,
1400,,,
1401,Ԣ,,Ԣ
1402,,,
1403,į,,į
1404,,,
1405,,,
1406,,,
1407,,,
1408,կ,,կ
1409,,,
1410,,,
1411,,,
1412,,,
1413,,,
1414,Ѱ,,
1415,,,
1416,,,
1417,,,
1418,,,
1419,,,
1420,ξ,,ξ
1421,,,
1422,С,,С
1423,,,
1424,,,
1425,,,
1426,,,
1427,,,m
1428,,,
1429,,,
1430,,,L
1431,,,
1432,,,
1433,Ң,,
1434,,,
1435,,,
1436,,,
1437,ʬ,,
1438,,,
1439,,,
1440,,,
1441,,,
1442,,,M
1443,β,,β
1444,,,
1445,,,
1446,ƨ,,ƨ
1447,,,
1448,,,
1449,,,
1450,,,
1451,,,
1452,,,
1453,,,
1454,ʺ,,ʺ
1455,,,
1456,,,
1457,м,,м
1458,չ,,չ
1459,,,
1460,,,
1461,,,
1462,,,
1463,,,
1464,,,
1465,,,
1466,,,
1467,ɽ,,ɽ
1468,,,
1469,,,
1470,,,Z
1471,,,q
1472,,,M
1473,,,
1474,,,
1475,,,
1476,,,
1477,,,
1478,,,
1479,,,
1480,,,
1481,,,s
1482,,,S
1483,,,
1484,,,u
1485,,,
1486,,,
1487,,,r
1488,,,
1489,,,
1490,,,X
1491,,,
1492,,,[
1493,,,
1494,,,
1495,,,
1496,,,h
1497,,,
1498,M,,M
1499,,,F
1500,,,
1501,,,
1502,,,
1503,Ͽ,,{
1504,i,,i
1505,,,
1506,,,
1507,,,n
1508,j,,j
1509,,,
1510,,,
1511,,,
1512,,,
1513,,,
1514,,,
1515,,,
1516,,,
1517,,,
1518,,,
1519,,,
1520,,,
1521,,,
1522,,,
1523,,,
1524,,,
1525,,,
1526,,,
1527,ո,,
1528,,,
1529,,,
1530,,,
1531,,,
1532,,,
1533,,,
1534,Ƕ,,Ƕ
1535,,,
1536,,,
1537,,,V
1538,,,
1539,,,
1540,,,
1541,,,
1542,,,
1543,,,
1544,,,
1545,,,
1546,,,
1547,,,
1548,,,
1549,,,
1550,,,
1551,,,p
1552,f,,f
1553,Ρ,,Ρ
1554,,,
1555,,,
1556,Ѳ,,Ѳ
1557,,,
1558,,,
1559,,,
1560,,,
1561,,,
1562,,,
1563,,,
1564,,,
1565,,,
1566,,,
1567,,,
1568,,,
1569,,,
1570,,,
1571,,,
1572,,,
1573,,,
1574,,,
1575,,,
1576,˧,,
1577,,,
1578,ʦ,,
1579,ϣ,,ϣ
1580,,,
1581,,,
1582,,,
1583,,,
1584,,,
1585,,,
1586,,,
1587,,,
1588,,,
1589,,,
1590,,,
1591,,,
1592,,,
1593,,,
1594,֡,,
1595,ϯ,,ϯ
1596,,,
1597,,,
1598,,,
1599,,,
1600,,,
1601,,,
1602,ñ,,ñ
1603,,,
1604,,,
1605,,,
1606,,,
1607,,,
1608,Ļ,,Ļ
1609,,,
1610,,,L
1611,,,
1612,,,
1613,,,
1614,,,
1615,ƽ,,ƽ
1616,,,
1617,,,K
1618,,,
1619,,,
1620,,,
1621,,,
1622,,,
1623,,,V
1624,,,
1625,ׯ,,f
1626,,,c
1627,,,
1628,,,
1629,,,
1630,,,
1631,®,,]
1632,,,T
1633,,,
1634,Ӧ,,
1635,,,
1636,,,
1637,,,
1638,,,R
1639,,,
1640,,,
1641,,,
1642,,,U
1643,,,
1644,,,
1645,,,
1646,,,
1647,,,
1648,ͥ,,ͥ
1649,,,
1650,,,
1651,,,
1652,,,
1653,ӹ,,ӹ
1654,,,
1655,,,
1656,,,
1657,,,
1658,,,
1659,C,,C
1660,,,
1661,,,
1662,,,
1663,M,,M
1664,,,
1665,,,
1666,,,[
1667,,,
1668,͢,,͢
1669,,,
1670,إ,,إ
1671,,,_
1672,,,
1673,,,
1674,,,
1675,Ū,,Ū
1676,m,,m
1677,,,
1678,,,
1679,߮,,߮
1680,ʽ,,ʽ
1681,߱,,s
1682,,,
1683,,,
1684,,,
1685,,,
1686,,,
1687,,,
1688,,,
1689,,,
1690,,,
1691,,,
1692,,,
1693,,,
1694,,,
1695,,,
1696,,,
1697,ǿ,,
1698,,,
1699,,,
1700,,,w
1701,,,
1702,¼,,
1703,,,
1704,,,
1705,,,
1706,,,
1707,,,
1708,ͮ,,ͮ
1709,,,
1710,,,
1711,,,
1712,,,
1713,,,
1714,,,
1715,,,
1716,Ӱ,,Ӱ
1717,,,
1718,,,
1719,,,
1720,,,
1721,,,
1722,,,
1723,,,
1724,,,
1725,,,
1726,,,
1727,,,
1728,,,
1729,,,
1730,,,
1731,,,
1732,,,
1733,ͽ,,ͽ
1734,,,
1735,,,
1736,,,
1737,,,
1738,,,
1739,,,R
1740,,,
1741,ѭ,,ѭ
1742,,,
1743,΢,,΢
1744,,,
1745,,,
1746,,,e
1747,,,
1748,,,
1749,,,
1750,,,
1751,,,
1752,,,
1753,,,
1754,,,
1755,,,
1756,,,
1757,߯,,߯
1758,,,
1759,־,,I
1760,,,
1761,æ,,æ
1762,,,
1763,,,
1764,,,
1765,,,
1766,,,n
1767,,,
1768,,,
1769,,,
1770,,,
1771,,,
1772,,,
1773,,,
1774,,,
1775,,,
1776,,,
1777,,,
1778,,,
1779,̬,,B
1780,,,Z
1781,,,
1782,,,Y
1783,,,
1784,,,
1785,,,
1786,,,
1787,,,
1788,,,
1789,ŭ,,ŭ
1790,,,
1791,,,
1792,,,
1793,,,
1794,,,
1795,,,z
1796,˼,,˼
1797,,,
1798,,,
1799,,,
1800,,,
1801,,,
1802,Թ,,Թ
1803,,,
1804,,,
1805,,,
1806,,,
1807,,,
1808,,,
1809,,,
1810,,,
1811,,,
1812,,,
1813,,,
1814,,,
1815,,,
1816,,,
1817,,,
1818,ˡ,,ˡ
1819,,,
1820,,,
1821,,,
1822,,,
1823,,,
1824,,,
1825,,,
1826,,,
1827,,,
1828,,,
1829,,,
1830,,,
1831,,,
1832,Ϣ,,Ϣ
1833,ǡ,,ǡ
1834,,,
1835,,,
1836,,,Q
1837,,,
1838,,,
1839,,,
1840,,,
1841,,,
1842,,,
1843,,,
1844,,,
1845,Ϥ,,Ϥ
1846,,,
1847,,,
1848,,,
1849,,,
1850,,,
1851,,,
1852,,,
1853,,,
1854,,,
1855,,,
1856,,,
1857,,,
1858,,,
1859,,,
1860,,,
1861,,,
1862,,,a
1863,,,
1864,,,
1865,,,
1866,,,
1867,,,
1868,,,
1869,,,
1870,,,
1871,,,
1872,,,
1873,,,@
1874,,,
1875,,,
1876,,,
1877,,,
1878,,,
1879,ϧ,,ϧ
1880,,,
1881,Ω,,Ω
1882,,,
1883,,,
1884,,,
1885,,,K
1886,,,
1887,,,v
1888,,,
1889,,,M
1890,,,
1891,,,T
1892,,,
1893,,,
1894,,,
1895,,,
1896,,,
1897,,,
1898,,,
1899,,,
1900,,,
1901,,,
1902,,,
1903,,,
1904,,,
1905,,,
1906,,,
1907,,,
1908,,,
1909,,,C
1910,,,
1911,,,
1912,,,|
1913,,,
1914,,,
1915,Ը,,
1916,,,
1917,,,
1918,,,
1919,,,
1920,,,
1921,Ľ,,Ľ
1922,,,
1923,,,
1924,V,,V
1925,,,
1926,,,
1927,\,,\
1928,ο,,ο
1929,,,
1930,,,
1931,,,
1932,,,
1933,,,
1934,,,
1935,,,
1936,,,
1937,,,
1938,,,
1939,,,
1940,,,
1941,,,
1942,и,,и
1943,,,
1944,,,
1945,,,
1946,,,
1947,ų,,ų
1948,,,
1949,ܲ,,ܲ
1950,,,
1951,,,
1952,,,
1953,,,
1954,,,
1955,,,
1956,,,
1957,Ϸ,,
1958,,,
1959,,,
1960,,,
1961,,,
1962,,,
1963,,,
1964,ս,,
1965,,,
1966,,,
1967,,,
1968,,,
1969,,,
1970,,,
1971,,,
1972,,,
1973,¾,,¾
1974,,,
1975,,,
1976,,,
1977,,,
1978,,,
1979,,,
1980,,,
1981,,,
1982,,,
1983,,,
1984,,,
1985,,,
1986,,,
1987,,,
1988,,,
1989,,,
1990,,,
1991,,,
1992,,,
1993,,,
1994,,,
1995,,,
1996,,,
1997,,,
1998,Ǥ,,L
1999,ִ,,
2000,,,U
2001,,,
2002,ɨ,,
2003,,,P
2004,Ť,,Ť
2005,,,
2006,,,
2007,,,_
2008,,,
2009,,,
2010,,,
2011,W,,W
2012,,,
2013,,,
2014,,,
2015,,,
2016,\,,\
2017,,,
2018,,,
2019,,,
2020,,,
2021,,,
2022,ץ,,ץ
2023,g,,g
2024,Ͷ,,Ͷ
2025,,,
2026,,,
2027,,,
2028,,,
2029,,,
2030,,,
2031,,,
2032,,,
2033,,,
2034,,,o
2035,,,
2036,,,
2037,,,
2038,̧,,E
2039,,,
2040,,,
2041,Ĩ,,Ĩ
2042,,,
2043,Ѻ,,Ѻ
2044,,,
2045,,,
2046,,,
2047,,,
2048,,,
2049,,,
2050,,,
2051,Ĵ,,Ĵ
2052,,,
2053,,,
2054,,,
2055,,,
2056,,,
2057,,,
2058,,,
2059,,,
2060,,,
2061,,,
2062,,,
2063,,,
2064,,,
2065,׾,,׾
2066,,,
2067,,,
2068,,,
2069,,,M
2070,£,,n
2071,,,
2072,,,
2073,ӵ,,
2074,,,r
2075,š,,Q
2076,,,
2077,,,
2078,,,
2079,,,
2080,,,
2081,,,
2082,,,
2083,ȭ,,ȭ
2084,˩,,˩
2085,,,
2086,,,
2087,ƴ,,ƴ
2088,ק,,ק
2089,ʰ,,ʰ
2090,,,
2091,,,
2092,,,
2093,ָ,,ָ
2094,,,
2095,,,
2096,,,
2097,,,
2098,,,
2099,ֿ,,
2100,,,
2101,,,
2102,̢,,
2103,Ю,,
2104,,,
2105,,,
2106,,,
2107,,,
2108,,,D
2109,,,]
2110,,,
2111,,,
2112,Ų,,Ų
2113,,,
2114,,,
2115,,,
2116,,,
2117,ͦ,,ͦ
2118,,,
2119,,,
2120,,,
2121,ͱ,,ͱ
2122,,,
2123,׽,,׽
2124,,,
2125,,,
2126,,,
2127,,,
2128,,,
2129,,,
2130,,,
2131,,,
2132,,,p
2133,,,
2134,,,Q
2135,,,v
2136,,,
2137,,,
2138,,,
2139,,,
2140,,,
2141,,,
2142,,,
2143,,,
2144,,,
2145,,,
2146,,,
2147,,,
2148,,,
2149,,,
2150,,,
2151,,,
2152,,,
2153,,,
2154,,,
2155,,,
2156,Ҵ,,Ҵ
2157,,,
2158,,,
2159,̽,,̽
2160,,,
2161,,,
2162,,,
2163,,,
2164,,,
2165,,,
2166,,,
2167,,,
2168,,,
2169,,,
2170,°,,
2171,,,
2172,,,S
2173,,,
2174,,,
2175,,,
2176,,,
2177,,,
2178,,,
2179,,,
2180,,,
2181,,,
2182,,,
2183,,,
2184,,,
2185,Ҿ,,Ҿ
2186,,,
2187,,,
2188,,,
2189,,,
2190,,,
2191,,,
2192,,,
2193,a,,a
2194,Ԯ,,Ԯ
2195,,,
2196,,,
2197,,,
2198,h,,h
2199,,,
2200,,,v
2201,,,R
2202,§,,
2203,,,
2204,,,
2205,,,
2206,,,
2207,,,
2208,s,,s
2209,,,
2210,ɦ,,ɦ
2211,,,
2212,,,
2213,,,
2214,,,
2215,,,
2216,,,
2217,,,
2218,,,
2219,,,
2220,,,
2221,Я,,y
2222,,,
2223,,,
2224,,,z
2225,,,d
2226,,,[
2227,ҡ,,u
2228,,,P
2229,̯,,
2230,,,
2231,ˤ,,ˤ
2232,ժ,,ժ
2233,,,
2234,,,
2235,Ħ,,Ħ
2236,,,
2237,,,
2238,ġ,,ġ
2239,ߡ,,ߡ
2240,,,
2241,,,
2242,,,t
2243,,,
2244,Ʋ,,Ʋ
2245,,,
2246,,,
2247,˺,,˺
2248,,,
2249,ߤ,,ߤ
2250,ײ,,ײ
2251,,,
2252,,,
2253,,,
2254,,,
2255,,,
2256,׫,,׫
2257,,,f
2258,ߢ,,X
2259,ߣ,,]
2260,ߥ,,x
2261,,,
2262,ߦ,,{
2263,,,
2264,,,
2265,,,
2266,,,
2267,ߧ,,ߧ
2268,,,
2269,,,
2270,,,\
2271,ߪ,,ߪ
2272,ߩ,,ߩ
2273,,,
2274,,,
2275,߫,,߫
2276,,,
2277,,,
2278,߬,,߬
2279,,,
2280,߭,,߭
2281,֧,,֧
2282,,,
2283,,,
2284,,,
2285,,,
2286,,,
2287,,,
2288,,,
2289,Ч,,Ч
2290,,,
2291,,,
2292,,,
2293,,,
2294,,,
2295,,,
2296,,,
2297,,,
2298,,,
2299,,,
2300,,,
2301,ɢ,,ɢ
2302,,,
2303,,,
2304,,,
2305,,,
2306,,,
2307,,,
2308,,,
2309,,,
2310,ի,,S
2311,,,
2312,,,
2313,,,
2314,,,
2315,,,Y
2316,,,
2317,,,
2318,б,,б
2319,,,
2320,,,
2321,,,
2322,,,
2323,,,
2324,,,
2325,ն,,
2326,,,
2327,,,
2328,˹,,˹
2329,,,
2330,,,
2331,,,
2332,ʩ,,ʩ
2333,,,
2334,,,
2335,,,
2336,,,
2337,,,
2338,,,
2339,,,
2340,,,
2341,,,
2342,,,
2343,,,
2344,,,
2345,,,o
2346,,,
2347,,,
2348,,,
2349,,,f
2350,ּ,,ּ
2351,,,
2352,Ѯ,,Ѯ
2353,,,
2354,,,
2355,,,
2356,,,
2357,,,
2358,ʱ,,r
2359,,,
2360,D,,D
2361,,,
2362,F,,F
2363,,,
2364,,,
2365,,,
2366,,,
2367,P,,P
2368,,,
2369,,,
2370,,,
2371,,,
2372,,,
2373,,,
2374,,,
2375,,,
2376,,,
2377,,,
2378,ӳ,,ӳ
2379,,,
2380,,,
2381,,,
2382,,,
2383,,,
2384,,,
2385,,,
2386,,,
2387,,,
2388,,,
2389,o,,o
2390,,,@
2391,,,
2392,,,
2393,,,x
2394,,,
2395,,,
2396,ɹ,,
2397,,,
2398,,,
2399,,,
2400,,,
2401,,,
2402,,,
2403,,,
2404,,,
2405,,,
2406,,,
2407,,,
2408,,,
2409,,,
2410,,,
2411,,,
2412,,,
2413,,,
2414,,,
2415,,,
2416,,,
2417,,,
2418,,,
2419,,,
2420,,,
2421,Ͼ,,Ͼ
2422,,,
2423,,,
2424,ů,,ů
2425,,,
2426,,,
2427,,,
2428,,,
2429,ĺ,,ĺ
2430,,,
2431,,,
2432,,,
2433,,,
2434,,,
2435,,,
2436,,,
2437,,,
2438,,,
2439,,,
2440,Ի,,Ի
2441,,,
2442,ҷ,,ҷ
2443,,,
2444,,,
2445,,,
2446,,,
2447,,,
2448,,,
2449,,,
2450,,,
2451,,,
2452,,,
2453,,,
2454,,,
2455,,,
2456,˷,,˷
2457,,,
2458,,,
2459,K,,K
2460,,,
2461,,,
2462,,,
2463,,,
2464,ľ,,ľ
2465,δ,,δ
2466,ĩ,,ĩ
2467,,,
2468,,,
2469,,,g
2470,,,
2471,,,
2472,,,
2473,,,C
2474,,,
2475,ɱ,,
2476,,,s
2477,Ȩ,,
2478,,,U
2479,,,
2480,ɼ,,ɼ
2481,,,
2482,,,
2483,,,
2484,,,
2485,,,
2486,,,
2487,,,
2488,,,
2489,,,
2490,,,
2491,,,
2492,,,l
2493,,,
2494,x,,x
2495,,,
2496,,,
2497,,,
2498,,,
2499,,,
2500,,,
2501,,,
2502,,,
2503,,,
2504,,,
2505,,,
2506,,,
2507,,,
2508,,,O
2509,,,
2510,,,
2511,,,
2512,,,
2513,,,
2514,,,
2515,,,
2516,,,
2517,ö,,ö
2518,,,
2519,֦,,֦
2520,,,
2521,,,
2522,,,
2523,,,
2524,,,g
2525,,,
2526,ǹ,,
2527,,,
2528,,,n
2529,,,
2530,,,
2531,,,
2532,,,
2533,,,
2534,,,
2535,,,
2536,,,
2537,,,
2538,,,
2539,,,
2540,,,
2541,ĳ,,ĳ
2542,,,
2543,,,
2544,Ⱦ,,Ⱦ
2545,,,
2546,,,
2547,,,
2548,,,
2549,,,
2550,,,
2551,,,
2552,,,
2553,,,
2554,,,
2555,,,
2556,,,
2557,,,
2558,,,
2559,,,
2560,,,
2561,,,
2562,,,f
2563,,,
2564,,,d
2565,դ,,
2566,,,
2567,ջ,,
2568,,,
2569,,,
2570,,,
2571,,,
2572,,,
2573,,,
2574,,,
2575,,,
2576,˨,,˨
2577,,,
2578,,,
2579,,,
2580,,,
2581,У,,У
2582,,,
2583,,,
2584,,,
2585,,,
2586,,,
2587,,,
2588,,,
2589,,,
2590,,,
2591,,,
2592,,,
2593,,,
2594,,,
2595,,,
2596,,,
2597,Φ,,Φ
2598,,,
2599,,,
2600,,,
2601,,,
2602,,,
2603,,,
2604,ͩ,,ͩ
2605,ɣ,,ɣ
2606,,,
2607,,,
2608,,,
2609,,,
2610,,,E
2611,,,n
2612,,,
2613,,,
2614,,,
2615,,,u
2616,,,
2617,׮,,
2618,,,
2619,,,
2620,Ͱ,,Ͱ
2621,,,
2622,,,
2623,,,
2624,÷,,÷
2625,,,
2626,,,
2627,,,
2628,,,
2629,,,
2630,,,
2631,,,
2632,,,
2633,,,
2634,,,
2635,е,,е
2636,,,
2637,,,
2638,,,
2639,,,
2640,,,z
2641,,,
2642,,,
2643,,,
2644,,,
2645,,,
2646,,,
2647,,,
2648,,,
2649,,,
2650,,,
2651,,,
2652,,,
2653,,,
2654,ɭ,,ɭ
2655,,,
2656,,,
2657,,,
2658,,,
2659,,,
2660,,,
2661,,,
2662,,,
2663,,,
2664,,,
2665,ֲ,,ֲ
2666,׵,,׵
2667,,,
2668,,,
2669,,,
2670,,,
2671,,,
2672,,,
2673,,,E
2674,Ҭ,,Ҭ
2675,,,
2676,,,
2677,,,
2678,,,
2679,Ш,,Ш
2680,,,
2681,,,
2682,,,
2683,,,
2684,,,
2685,,,
2686,,,
2687,,,
2688,,,
2689,J,,J
2690,,,
2691,,,
2692,,,
2693,¥,,
2694,,,
2695,,,
2696,,,
2697,,,
2698,,,
2699,,,
2700,,,
2701,,,
2702,,,
2703,,,
2704,b,,b
2705,,,
2706,,,
2707,,,
2708,ե,,ե
2709,,,
2710,,,
2711,,,
2712,ȶ,,ȶ
2713,,,
2714,,,
2715,,,
2716,,,
2717,,,
2718,,,
2719,,,R
2720,,,
2721,,,
2722,,,
2723,,,
2724,,,
2725,,,
2726,,,
2727,,,
2728,,,
2729,,,
2730,,,
2731,,,
2732,,,
2733,ģ,,ģ
2734,,,
2735,,,M
2736,,,{
2737,ӣ,,
2738,,,
2739,,,
2740,,,
2741,,,
2742,,,
2743,,,
2744,,,
2745,,,
2746,,,
2747,,,
2748,,,
2749,H,,H
2750,,,
2751,,,
2752,,,
2753,̴,,̴
2754,ϭ,,ϭ
2755,,,
2756,,,
2757,,,
2758,,,
2759,,,
2760,,,_
2761,,,
2762,,,
2763,,,
2764,Ƿ,,Ƿ
2765,,,
2766,,,g
2767,,,
2768,,,e
2769,ŷ,,W
2770,,,
2771,G,,G
2772,,,
2773,,,
2774,,,
2775,,,
2776,Ъ,,Ъ
2777,Ǹ,,Ǹ
2778,,,
2779,,,
2780,ֹ,,ֹ
2781,,,
2782,,,
2783,,,
2784,,,
2785,,,
2786,,,
2787,,,
2788,,,
2789,,,
2790,,,{
2791,,,
2792,,,
2793,,,
2794,,,
2795,,,
2796,ѳ,,ѳ
2797,,,
2798,,,
2799,,,
2800,,,
2801,,,
2802,ֳ,,ֳ
2803,,,
2804,,,
2805,,,
2806,,,
2807,,,
2808,,,
2809,Ź,,
2810,,,
2811,,,
2812,,,
2813,,,
2814,,,ݞ
2815,,,
2816,,,
2817,ĸ,,ĸ
2818,ÿ,,ÿ
2819,,,
2820,,,
2821,ع,,ع
2822,,,
2823,,,
2824,,,
2825,,,
2826,,,
2827,ë,,ë
2828,ձ,,
2829,,,
2830,,,
2831,̺,,̺
2832,,,
2833,,,
2834,,,
2835,,,
2836,,,
2837,,,
2838,,,
2839,,,
2840,,,
2841,ص,,ص
2842,,,
2843,å,,å
2844,,,
2845,,,
2846,,,
2847,,,
2848,,,
2849,,,
2850,,,
2851,,,
2852,,,
2853,,,
2854,,,
2855,,,
2856,,,
2857,,,
2858,,,
2859,,,
2860,,,
2861,,,
2862,,,
2863,,,
2864,ˮ,,ˮ
2865,,,
2866,,,
2867,͡,,͡
2868,֭,,֭
2869,,,
2870,,,
2871,,,R
2872,,,
2873,,,h
2874,,,
2875,ϫ,,ϫ
2876,,,
2877,,,
2878,,,
2879,Ѵ,,Ѵ
2880,,,
2881,,,
2882,,,
2883,,,
2884,,,
2885,,,@
2886,,,
2887,,,
2888,,,
2889,,,
2890,I,,I
2891,̭,,̭
2892,,,
2893,,,
2894,,,
2895,,,
2896,,,
2897,,,
2898,,,
2899,,,
2900,,,
2901,V,,V
2902,,,
2903,,,
2904,,,
2905,,,
2906,,,
2907,,,
2908,,,
2909,,,
2910,,,
2911,a,,a
2912,ɳ,,ɳ
2913,b,,b
2914,,,
2915,,,
2916,û,,]
2917,,,
2918,Ž,,a
2919,,,r
2920,,,S
2921,,,
2922,h,,h
2923,,,
2924,,,
2925,ĭ,,ĭ
2926,,,
2927,,,
2928,,,
2929,,,
2930,,,
2931,,,
2932,,,
2933,,,
2934,,,
2935,մ,,մ
2936,,,
2937,t,,t
2938,й,,й
2939,,,
2940,Ȫ,,Ȫ
2941,,,
2942,,,
2943,,,
2944,,,
2945,,,
2946,,,
2947,,,
2948,,,
2949,,,
2950,,,
2951,,,
2952,Ţ,,
2953,,,
2954,,,
2955,,,
2956,,,
2957,,,
2958,ע,,]
2959,,,I
2960,,,
2961,,,
2962,,,
2963,̩,,̩
2964,,,
2965,Ӿ,,Ӿ
2966,,,
2967,,,{
2968,,,o
2969,,,T
2970,к,,a
2971,,,
2972,,,
2973,,,
2974,,,
2975,,,
2976,,,
2977,,,
2978,,,
2979,,,
2980,,,
2981,,,
2982,ϴ,,ϴ
2983,,,
2984,,,
2985,,,
2986,,,
2987,,,
2988,,,
2989,,,
2990,,,
2991,,,
2992,,,
2993,,,
2994,,,
2995,,,
2996,,,
2997,,,
2998,,,
2999,,,
3000,,,
3001,,,
3002,,,D
3003,Ǣ,,Ǣ
3004,,,
3005,,,
3006,,,
3007,ǳ,,\
3008,,,{
3009,,,
3010,,,
3011,,,
3012,,,
3013,,,y
3014,,,
3015,,,
3016,,,g
3017,,,
3018,,,
3019,,,G
3020,Ũ,,
3021,,,
3022,,,
3023,,,
3024,,,
3025,,,
3026,,,
3027,,,
3028,,,
3029,,,
3030,,,
3031,,,
3032,,,
3033,,,
3034,,,
3035,,,
3036,ԡ,,ԡ
3037,,,
3038,,,
3039,,,
3040,Ϳ,,T
3041,,,
3042,,,
3043,,,
3044,ӿ,,
3045,,,
3046,,,
3047,,,
3048,,,
3049,,,
3050,,,
3051,,,
3052,,,
3053,,,Z
3054,,,i
3055,,,
3056,,,u
3057,,,
3058,,,o
3059,,,
3060,,,
3061,,,
3062,,,q
3063,ɬ,,
3064,,,
3065,,,
3066,,,
3067,,,
3068,Һ,,Һ
3069,,,
3070,,,
3071,,,
3072,,,
3073,,,
3074,,,
3075,,,
3076,,,
3077,,,
3078,,,
3079,B,,B
3080,,,
3081,,,
3082,,,
3083,,,
3084,,,
3085,,,
3086,,,
3087,,,
3088,,,
3089,,,
3090,,,
3091,,,
3092,,,
3093,,,
3094,,,
3095,,,
3096,,,
3097,,,
3098,,,
3099,Ԩ,,Y
3100,,,O
3101,,,n
3102,,,^
3103,,,u
3104,,,
3105,,,O
3106,,,B
3107,,,
3108,,,
3109,,,
3110,,,
3111,,,
3112,,,
3113,,,
3114,,,
3115,,,
3116,μ,,μ
3117,,,
3118,,,
3119,,,
3120,,,[
3121,,,
3122,,,
3123,,,
3124,,,
3125,,,
3126,,,
3127,,,
3128,,,
3129,,,
3130,տ,,տ
3131,,,
3132,,,
3133,,,
3134,,,
3135,,,
3136,,,
3137,,,
3138,,,
3139,ʪ,,
3140,,,
3141,,,R
3142,,,s
3143,,,
3144,,,
3145,,,
3146,Դ,,Դ
3147,,,
3148,,,
3149,,,
3150,,,
3151,,,
3152,,,
3153,,,
3154,,,
3155,Ϫ,,Ϫ
3156,,,
3157,,,
3158,,,
3159,,,
3160,,,
3161,,,
3162,,,
3163,,,
3164,,,
3165,,,
3166,,,
3167,,,
3168,,,
3169,,,
3170,,,
3171,,,
3172,,,
3173,,,
3174,,,
3175,,,
3176,,,
3177,,,
3178,,,L
3179,,,
3180,,,
3181,,,
3182,,,M
3183,,,]
3184,,,V
3185,,,E
3186,,,
3187,,,I
3188,̲,,
3189,,,
3190,,,
3191,,,
3192,,,
3193,Ư,,Ư
3194,,,
3195,,,
3196,©,,©
3197,,,
3198,,,
3199,,,
3200,Į,,Į
3201,,,E
3202,,,
3203,,,
3204,,,
3205,,,
3206,,,
3207,,,
3208,,,
3209,,,
3210,,,
3211,,,u
3212,,,t
3213,,,
3214,Ϋ,,H
3215,,,
3216,,,
3217,Ǳ,,
3218,º,,º
3219,,,
3220,,,
3221,,,
3222,̶,,̶
3223,,,
3224,,,
3225,,,z
3226,,,
3227,,,
3228,,,
3229,,,
3230,,,
3231,,,
3232,,,
3233,,,
3234,,,
3235,,,
3236,,,
3237,,,
3238,,,
3239,,,
3240,,,
3241,,,
3242,,,
3243,,,
3244,,,
3245,,,
3246,,,
3247,,,
3248,,,
3249,,,|
3250,,,l
3251,,,
3252,,,
3253,,,
3254,,,
3255,,,
3256,d,,d
3257,e,,e
3258,,,
3259,,,
3260,,,
3261,,,
3262,,,
3263,,,
3264,,,
3265,,,
3266,,,
3267,,,
3268,,,
3269,,,
3270,,,
3271,,,`
3272,,,^
3273,,,
3274,,,
3275,,,
3276,,,N
3277,,,
3278,,,
3279,¯,,t
3280,,,
3281,,,
3282,,,
3283,Ȳ,,Ȳ
3284,,,
3285,,,
3286,,,
3287,,,
3288,,,
3289,,,
3290,,,
3291,,,
3292,̿,,̿
3293,,,
3294,,,
3295,,,
3296,,,
3297,,,
3298,ը,,ը
3299,,,c
3300,,,
3301,,,
3302,,,
3303,,,
3304,˸,,q
3305,,,
3306,,,N
3307,,,
3308,,,
3309,,,
3310,,,
3311,,,T
3312,@,,@
3313,A,,A
3314,,,
3315,,,
3316,,,
3317,,,
3318,,,
3319,,,Z
3320,,,C
3321,,,a
3322,,,
3323,ϩ,,ϩ
3324,,,
3325,,,
3326,R,,R
3327,,,
3328,,,
3329,,,
3330,a,,a
3331,,,
3332,,,
3333,,,
3334,,,F
3335,,,c
3336,,,
3337,,,
3338,j,,j
3339,,,
3340,,,
3341,,,
3342,,,
3343,Ȼ,,Ȼ
3344,,,
3345,,,
3346,,,
3347,,,
3348,,,
3349,ɷ,,ɷ
3350,ú,,ú
3351,,,
3352,,,
3353,,,
3354,,,
3355,,,
3356,,,
3357,,,
3358,,,
3359,ɿ,,ɿ
3360,Ϩ,,Ϩ
3361,,,
3362,Ѭ,,Ѭ
3363,,,
3364,,,
3365,,,
3366,,,
3367,,,
3368,,,
3369,,,
3370,,,
3371,,,
3372,,,
3373,,,
3374,ȼ,,ȼ
3375,,,
3376,,,
3377,,,
3378,,,
3379,,,
3380,,,
3381,,,
3382,,,
3383,,,
3384,,,
3385,,,
3386,,,
3387,,,
3388,צ,,צ
3389,,,
3390,,,
3391,,,
3392,,,
3393,,,
3394,ү,,
3395,,,
3396,,,
3397,س,,س
3398,ˬ,,ˬ
3399,,,
3400,,,
3401,,,
3402,Ƭ,,Ƭ
3403,,,
3404,,,
3405,,,
3406,,,
3407,,,
3408,,,
3409,,,
3410,ţ,,ţ
3411,,,
3412,Ĳ,,Ĳ
3413,ĵ,,ĵ
3414,,,
3415,,,
3416,,,
3417,,,
3418,,,
3419,,,
3420,,,
3421,ǣ,,
3422,,,
3423,,,
3424,,,
3425,Ϭ,,Ϭ
3426,,,
3427,,,
3428,,,
3429,,,
3430,,,
3431,,,
3432,,,
3433,,,
3434,,,
3435,Ȯ,,Ȯ
3436,,,
3437,,,
3438,,,
3439,״,,
3440,,,E
3441,,,w
3442,,,q
3443,,,
3444,,,
3445,,,
3446,,,
3447,,,N
3448,,,
3449,,,
3450,,,
3451,,,
3452,,,
3453,,,
3454,,,
3455,A,,A
3456,,,
3457,,,
3458,,,
3459,,,
3460,,,
3461,,,
3462,,,M
3463,ʨ,,{
3464,,,
3465,,,b
3466,,,z
3467,,,s
3468,,,
3469,,,
3470,,,
3471,,,؂
3472,,,
3473,,,
3474,,,
3475,,,
3476,,,
3477,S,,S
3478,,,
3479,,,C
3480,,,J
3481,,,
3482,,,
3483,,,
3484,,,
3485,,,
3486,,,
3487,,,M
3488,,,
3489,,,
3490,,,
3491,,,i
3492,è,,؈
3493,,,
3494,,,I
3495,,,
3496,,,
3497,,,
3498,,,
3499,,,
3500,,,
3501,Գ,,Գ
3502,,,
3503,,,
3504,,,
3505,,,
3506,,,
3507,,,
3508,̡,,H
3509,,,
3510,B,,B
3511,,,
3512,,,
3513,,,
3514,,,
3515,,,
3516,,,
3517,,,^
3518,\,,\
3519,,,
3520,_,,_
3521,`,,`
3522,,,
3523,d,,d
3524,e,,e
3525,,,
3526,h,,h
3527,i,,i
3528,,,
3529,õ,,õ
3530,,,|
3531,,,h
3532,,,F
3533,,,
3534,,,
3535,,,
3536,,,t
3537,,,
3538,,,
3539,,,
3540,,,
3541,,,z
3542,ɺ,,ɺ
3543,,,
3544,,,k
3545,,,m
3546,,,
3547,,,
3548,,,
3549,,,
3550,,,
3551,,,
3552,,,
3553,,,
3554,,,
3555,,,
3556,,,q
3557,E,,E
3558,,,
3559,,,
3560,,,
3561,L,,L
3562,,,
3563,Q,,Q
3564,,,I
3565,,,
3566,,,
3567,,,
3568,,,
3569,b,,b
3570,,,
3571,,,
3572,,,
3573,,,
3574,e,,e
3575,,,
3576,,,
3577,g,,g
3578,,,
3579,,,
3580,,,
3581,,,
3582,,,
3583,,,
3584,r,,r
3585,,,
3586,u,,u
3587,,,
3588,,,
3589,,,
3590,,,
3591,,,
3592,,,
3593,,,
3594,ɪ,,ɪ
3595,,,
3596,,,
3597,,,
3598,,,
3599,,,
3600,,,
3601,,,
3602,,,
3603,G,,G
3604,,,
3605,H,,H
3606,,,
3607,,,
3608,,,
3609,U,,U
3610,,,
3611,,,
3612,Z,,Z
3613,[,,[
3614,,,
3615,,,
3616,,,
3617,b,,b
3618,,,
3619,,,
3620,,,
3621,,,
3622,,,
3623,ư,,ư
3624,,,
3625,ȿ,,ȿ
3626,,,
3627,,,Y
3628,,,T
3629,,,
3630,ƿ,,ƿ
3631,,,
3632,E,,E
3633,,,
3634,,,
3635,,,
3636,,,
3637,,,
3638,,,
3639,,,
3640,߰,,߰
3641,,,
3642,,,
3643,,,
3644,,,
3645,,,
3646,˦,,˦
3647,f,,f
3648,,,
3649,,,
3650,,,
3651,,,
3652,,,
3653,,,
3654,,,
3655,,,
3656,,,
3657,,,
3658,,,
3659,,,
3660,,,
3661,,,
3662,,,
3663,,,
3664,,,
3665,,,
3666,,,
3667,η,,η
3668,,,
3669,,,
3670,,,
3671,,,
3672,,,
3673,,,
3674,,,
3675,,,
3676,,,
3677,,,
3678,,,
3679,,,
3680,,,
3681,,,
3682,,,
3683,,,
3684,D,,D
3685,,,
3686,,,
3687,,,
3688,,,X
3689,,,
3690,,,
3691,,,
3692,,,
3693,ű,,
3694,,,O
3695,,,
3696,M,,M
3697,,,
3698,,,
3699,,,
3700,,,
3701,,,[
3702,S,,S
3703,,,
3704,,,
3705,,,
3706,,,
3707,ƣ,,ƣ
3708,,,
3709,,,
3710,,,
3711,,,
3712,,,
3713,,,
3714,,,
3715,,,
3716,,,
3717,,,
3718,,,
3719,,,
3720,֢,,Y
3721,Ӹ,,b
3722,,,d
3723,Ȭ,,Ȭ
3724,,,
3725,,,W
3726,,,
3727,,,
3728,,,
3729,ʹ,,ʹ
3730,Ʀ,,Ʀ
3731,,,
3732,,,
3733,,,
3734,,,
3735,,,
3736,,,A
3737,,,
3738,,,B
3739,̵,,̵
3740,,,
3741,,,V
3742,,,
3743,,,
3744,,,
3745,,,
3746,,,
3747,,,D
3748,},,}
3749,,,
3750,,,
3751,,,
3752,,,
3753,,,
3754,,,
3755,,,
3756,,,
3757,,,
3758,,,
3759,,,
3760,,,
3761,,,
3762,,,
3763,,,T
3764,̱,,c
3765,,,
3766,,,
3767,,,
3768,,,
3769,,,
3770,ȳ,,ȳ
3771,,,
3772,,,a
3773,,,`
3774,,,
3775,,,
3776,,,
3777,,,
3778,,,
3779,,,
3780,,,
3781,,,]
3782,Ѣ,,_
3783,,,d
3784,,,ğ
3785,,,
3786,,,
3787,,,
3788,,,
3789,,,
3790,,,
3791,,,
3792,,,
3793,,,
3794,,,V
3795,,,
3796,,,}
3797,,,
3798,,,
3799,,,
3800,Ƥ,,Ƥ
3801,,,
3802,,,
3803,,,
3804,,,
3805,,,
3806,,,
3807,,,
3808,ӯ,,ӯ
3809,B,,B
3810,,,
3811,,,
3812,,,
3813,յ,,K
3814,,,}
3815,,,O
3816,,,
3817,,,
3818,,,w
3819,,,I
3820,,,P
3821,ʢ,,ʢ
3822,,,
3823,,,
3824,Q,,Q
3825,Ŀ,,Ŀ
3826,,,
3827,,,
3828,ä,,ä
3829,ֱ,,ֱ
3830,,,
3831,,,
3832,,,
3833,,,
3834,ʡ,,ʡ
3835,,,
3836,,,
3837,,,
3838,ü,,ü
3839,g,,g
3840,,,
3841,,,g
3842,,,
3843,,,
3844,,,
3845,,,
3846,,,
3847,,,{
3848,գ,,գ
3849,ѣ,,ѣ
3850,,,
3851,,,
3852,,,[
3853,,,
3854,,,
3855,,,
3856,,,
3857,,,
3858,,,
3859,,,
3860,,,
3861,,,Ï
3862,,,
3863,,,A
3864,,,
3865,,,
3866,,,
3867,˯,,˯
3868,,,
3869,,,
3870,,,
3871,,,
3872,,,
3873,,,
3874,,,
3875,,,
3876,,,
3877,غ,,G
3878,,,
3879,,,
3880,,,
3881,,,
3882,,,
3883,,,
3884,Ϲ,,Ϲ
3885,,,
3886,,,m
3887,,,
3888,,,
3889,ޫ,,ޫ
3890,Ƴ,,Ƴ
3891,,,
3892,,,
3893,,,
3894,˲,,˲
3895,t,,t
3896,,,
3897,ͫ,,ͫ
3898,,,
3899,հ,,հ
3900,,,
3901,,,
3902,,,
3903,,,
3904,ì,,ì
3905,,,
3906,ʸ,,ʸ
3907,,,
3908,֪,,֪
3909,,,
3910,,,
3911,,,C
3912,,,
3913,,,
3914,,,
3915,ʯ,,ʯ
3916,,,
3917,,,
3918,L,,L
3919,,,
3920,,,\
3921,,,V
3922,,,X
3923,,,a
3924,ɰ,,ɰ
3925,,,
3926,,,
3927,,,
3928,,,
3929,,,
3930,,,
3931,ש,,u
3932,,,
3933,,,
3934,,,
3935,,,^
3936,,,
3937,,,
3938,,,
3939,,,
3940,,,
3941,,,
3942,e,,e
3943,,,
3944,,,
3945,,,
3946,,,
3947,,,
3948,,,Z
3949,,,a
3950,,,
3951,,,[
3952,,,A
3953,n,,n
3954,,,
3955,,,
3956,,,
3957,,,
3958,,,
3959,,,
3960,˶,,T
3961,,,
3962,,,
3963,~,,~
3964,,,
3965,,,
3966,,,
3967,Ӳ,,Ӳ
3968,,,
3969,ȷ,,_
3970,,,|
3971,,,
3972,,,
3973,,,
3974,µ,,µ
3975,,,K
3976,,,
3977,,,
3978,,,
3979,,,
3980,,,
3981,,,
3982,,,
3983,,,~
3984,,,
3985,,,
3986,,,
3987,,,
3988,,,
3989,,,
3990,,,A
3991,,,
3992,̼,,̼
3993,,,
3994,\,,\
3995,,,
3996,,,
3997,,,
3998,,,
3999,,,
4000,,,
4001,,,
4002,,,
4003,,,
4004,,,
4005,,,L
4006,ĥ,,ĥ
4007,,,
4008,,,
4009,,,
4010,,,
4011,,,
4012,,,
4013,,,
4014,,,
4015,,,
4016,,,
4017,,,
4018,c,,c
4019,,,
4020,ʾ,,ʾ
4021,,,Y
4022,,,
4023,,,
4024,,,
4025,l,,l
4026,,,
4027,,,
4028,,,
4029,t,,t
4030,,,
4031,,,
4032,,,
4033,,,
4034,,,
4035,,,
4036,ף,,ף
4037,,,
4038,,,
4039,,,
4040,,,[
4041,,,
4042,,,
4043,Ʊ,,Ʊ
4044,,,
4045,,,
4046,,,
4047,,,\
4048,,,
4049,,,
4050,,,
4051,,,
4052,,,A
4053,,,
4054,»,,
4055,,,U
4056,,,
4057,,,
4058,,,
4059,P,,P
4060,,,
4061,,,
4062,,,
4063,خ,,خ
4064,,,x
4065,,,
4066,,,
4067,,,
4068,˽,,˽
4069,ͺ,,d
4070,,,
4071,,,
4072,,,
4073,,,N
4074,,,
4075,,,
4076,,,
4077,,,
4078,,,
4079,,,
4080,,,
4081,,,
4082,,,
4083,,,
4084,,,
4085,,,
4086,,,e
4087,,,Q
4088,,,M
4089,,,
4090,,,x
4091,,,
4092,ϡ,,ϡ
4093,,,
4094,,,
4095,,,
4096,,,
4097,,,
4098,˰,,
4099,,,
4100,,,
4101,,,
4102,,,
4103,,,
4104,,,d
4105,,,
4106,,,
4107,,,
4108,,,
4109,,,
4110,,,
4111,],,]
4112,,,
4113,,,w
4114,,,
4115,,,
4116,Ѩ,,Ѩ
4117,,,
4118,,,F
4119,,,
4120,,,
4121,,,
4122,,,
4123,,,
4124,ͻ,,ͻ
4125,,,`
4126,խ,,խ
4127,,,
4128,,,
4129,,,[
4130,Ҥ,,G
4131,,,
4132,,,
4133,,,
4134,,,
4135,,,
4136,,,Z
4137,,,C
4138,,,
4139,,,
4140,@,,@
4141,,,Q
4142,,,]
4143,,,
4144,,,
4145,,,M
4146,,,
4147,O,,O
4148,,,
4149,,,
4150,f,,f
4151,,,Q
4152,վ,,վ
4153,,,
4154,,,
4155,,,
4156,,,
4157,ͯ,,ͯ
4158,,,
4159,,,
4160,,,
4161,,,
4162,,,
4163,,,
4164,,,
4165,,,V
4166,,,
4167,,,
4168,,,
4169,,,
4170,,,S
4171,,,
4172,Ц,,Ц
4173,,,P
4174,,,a
4175,,,
4176,,,
4177,,,
4178,,,
4179,,,
4180,,,
4181,,,
4182,,,
4183,,,
4184,,,
4185,,,
4186,,,
4187,,,
4188,,,
4189,,,
4190,,,{
4191,,,\
4192,,,e
4193,,,
4194,,,
4195,,,
4196,,,
4197,,,
4198,,,
4199,,,
4200,,,B
4201,Ͳ,,Ͳ
4202,,,
4203,,,
4204,,,
4205,,,`
4206,ɸ,,Y
4207,Y,,Y
4208,,,~
4209,,,
4210,,,
4211,,,
4212,,,
4213,,,
4214,,,
4215,,,
4216,,,I
4217,,,
4218,o,,o
4219,ǩ,,
4220,,,
4221,,,
4222,,,
4223,,,
4224,,,
4225,,,
4226,,,
4227,,,
4228,,,
4229,,,
4230,,,
4231,,,j
4232,,,D
4233,,,X
4234,,,j
4235,,,
4236,,,
4237,,,
4238,,,
4239,,,
4240,,,
4241,,,
4242,,,
4243,׭,,׭
4244,ƪ,,ƪ
4245,,,
4246,,,
4247,¨,,t
4248,,,
4249,,,
4250,,,
4251,,,
4252,,,
4253,,,
4254,,,
4255,,,@
4256,,,h
4257,,,
4258,,,
4259,,,
4260,m,,m
4261,,,
4262,r,,r
4263,,,
4264,,,
4265,,,
4266,,,f
4267,,,
4268,,,
4269,,,
4270,,,
4271,,,
4272,,,
4273,,,
4274,,,
4275,,,[
4276,,,
4277,,,
4278,,,e
4279,,,
4280,,,i
4281,,,
4282,,,
4283,,,
4284,,,
4285,,,
4286,,,
4287,ճ,,ճ
4288,,,g
4289,,,c
4290,,,
4291,,,
4292,,,
4293,,,
4294,,,S
4295,,,Z
4296,,,
4297,,,
4298,,,
4299,,,
4300,,,
4301,,,
4302,,,
4303,,,R
4304,,,
4305,,,
4306,,,
4307,,,
4308,,,
4309,,,
4310,,,
4311,,,
4312,,,
4313,,,
4314,,,
4315,,,
4316,,,
4317,,,
4318,Ŵ,,Ŵ
4319,f,,f
4320,ϵ,,ϵ
4321,,,
4322,,,
4323,,,
4324,,,o
4325,,,
4326,,,
4327,,,
4328,,,{
4329,,,
4330,,,
4331,,,
4332,,,
4333,,,
4334,,,
4335,,,
4336,,,
4337,,,m
4338,,,u
4339,,,t
4340,,,q
4341,,,w
4342,,,v
4343,Լ,,s
4344,,,
4345,,,w
4346,,,k
4347,,,o
4348,,,x
4349,γ,,
4350,,,
4351,,,
4352,,,
4353,ɴ,,
4354,,,V
4355,,,{
4356,,,
4357,,,v
4358,,,]
4359,,,
4360,ֽ,,
4361,,,y
4362,,,
4363,,,
4364,Ŧ,,~
4365,,,
4366,,,
4367,,,C
4368,,,
4369,,,
4370,,,
4371,,,M
4372,,,
4373,ϸ,,
4374,֯,,
4375,,,K
4376,,,U
4377,,,O
4378,,,E
4379,,,I
4380,,,B
4381,,,[
4382,,,
4383,,,
4384,,,q
4385,,,Y
4386,,,f
4387,,,@
4388,,,W
4389,,,L
4390,,,o
4391,Ѥ,,k
4392,,,{
4393,,,j
4394,,,^
4395,,,g
4396,ͳ,,y
4397,,,
4398,,,
4399,,,
4400,,,C
4401,,,
4402,,,
4403,,,{
4404,,,^
4405,,,
4406,,,
4407,,,w
4408,,,c
4409,,,m
4410,,,_
4411,,,p
4412,,,b
4413,,,i
4414,,,K
4415,ά,,S
4416,,,d
4417,,,R
4418,,,
4419,,,I
4420,,,
4421,,,^
4422,,,J
4423,,,C
4424,,,`
4425,,,U
4426,,,G
4427,׺,,Y
4428,,,l
4429,,,~
4430,,,|
4431,,,}
4432,,,
4433,,,|
4434,,,
4435,,,
4436,,,
4437,,,
4438,,,
4439,,,
4440,,,
4441,,,P
4442,,,
4443,,,
4444,,,|
4445,,,
4446,,,
4447,Ե,,
4448,,,N
4449,,,`
4450,,,d
4451,,,b
4452,,,p
4453,,,c
4454,,,p
4455,,,r
4456,,,O
4457,,,V
4458,,,_
4459,,,~
4460,,,z
4461,,,w
4462,ӧ,,t
4463,,,s
4464,,,
4465,,,
4466,,,i
4467,,,
4468,,,
4469,,,
4470,,,\
4471,,,`
4472,,,R
4473,,,Q
4474,,,U
4475,,,y
4476,,,
4477,,,
4478,ȱ,,ȱ
4479,,,
4480,,,
4481,,,
4482,,,
4483,,,W
4484,,,
4485,,,
4486,,,_
4487,,,
4488,,,P
4489,,,
4490,,,
4491,,,T
4492,,,
4493,,,
4494,,,
4495,,,
4496,,,
4497,,,
4498,,,`
4499,,,
4500,Y,,Y
4501,,,
4502,,,b
4503,,,
4504,Ǽ,,Ǽ
4505,,,
4506,h,,h
4507,,,
4508,,,
4509,,,
4510,,,
4511,,,u
4512,,,w
4513,Ⱥ,,Ⱥ
4514,,,
4515,,,
4516,,,
4517,,,
4518,,,
4519,,,
4520,,,
4521,,,
4522,,,
4523,,,
4524,,,
4525,,,
4526,,,
4527,,,
4528,,,
4529,,,
4530,,,N
4531,,,
4532,,,
4533,,,
4534,,,
4535,,,
4536,,,
4537,,,
4538,,,
4539,,,
4540,G,,G
4541,,,
4542,,,O
4543,,,
4544,,,
4545,,,
4546,ҫ,,ҫ
4547,,,
4548,,,
4549,,,
4550,,,
4551,,,
4552,,,
4553,,,
4554,ˣ,,ˣ
4555,,,
4556,,,
4557,,,
4558,,,
4559,,,
4560,,,
4561,,,
4562,,,
4563,,,
4564,,,
4565,,,g
4566,,,
4567,,,
4568,,,e
4569,,,
4570,,,
4571,,,
4572,i,,i
4573,,,
4574,j,,j
4575,,,
4576,,,
4577,Ү,,Ү
4578,,,
4579,,,
4580,,,u
4581,,,
4582,,,
4583,,,
4584,,,
4585,,,
4586,,,
4587,,,@
4588,ְ,,
4589,,,
4590,,,
4591,,,
4592,Ƹ,,Ƹ
4593,,,
4594,,,
4595,,,
4596,,,
4597,,,
4598,,,C
4599,,,
4600,,,
4601,,,
4602,,,
4603,,,
4604,,,
4605,,,
4606,Ф,,Ф
4607,,,
4608,,,
4609,,,
4610,,,
4611,,,
4612,,,c
4613,,,
4614,֫,,֫
4615,,,w
4616,,,
4617,,,
4618,,,
4619,,,
4620,,,
4621,,,a
4622,,,
4623,,,
4624,,,
4625,,,
4626,,,d
4627,,,
4628,,,
4629,,,
4630,,,I
4631,,,[
4632,,,Û
4633,в,,{
4634,,,
4635,θ,,θ
4636,,,
4637,,,đ
4638,,,
4639,,,
4640,̥,,̥
4641,,,
4642,,,
4643,,,
4644,,,
4645,,,
4646,ʤ,,
4647,,,
4648,,,
4649,,,
4650,ط,,ط
4651,,,
4652,,,V
4653,,,L
4654,,,
4655,,,F
4656,,,Ä
4657,,,
4658,,,
4659,,,
4660,,,
4661,,,
4662,,,
4663,,,
4664,,,
4665,,,z
4666,,,
4667,,,
4668,,,
4669,,,
4670,֬,,֬
4671,,,
4672,,,}
4673,,,
4674,,,Ē
4675,,,
4676,,,K
4677,,,Ě
4678,,,X
4679,,,
4680,ŧ,,ē
4681,,,L
4682,,,
4683,,,
4684,,,_
4685,,,
4686,,,
4687,,,
4688,,,Ó
4689,,,
4690,,,T
4691,,,Ę
4692,Ƣ,,Ƣ
4693,,,
4694,,,
4695,,,D
4696,Ҹ,,Ҹ
4697,,,
4698,,,
4699,,,
4700,K,,K
4701,,,
4702,ǻ,,ǻ
4703,,,
4704,,,
4705,,,
4706,,,
4707,,,
4708,,,
4709,,,
4710,,,
4711,,,
4712,,,
4713,,,
4714,,,
4715,,,
4716,,,
4717,,,ā
4718,,,t
4719,,,e
4720,,,v
4721,,,
4722,,,
4723,,,
4724,,,
4725,,,
4726,,,
4727,,,Ĝ
4728,,,
4729,v,,v
4730,,,
4731,Ĥ,,Ĥ
4732,ϥ,,ϥ
4733,,,
4734,,,
4735,,,
4736,,,
4737,,,
4738,,,
4739,,,
4740,,,
4741,,,
4742,ӷ,,ӷ
4743,,,
4744,,,
4745,,,
4746,Ğ,,Ğ
4747,H,,H
4748,,,
4749,,,
4750,,,
4751,,,
4752,,,
4753,,,
4754,,,
4755,,,
4756,,,
4757,,,
4758,Ҩ,,Ҩ
4759,,,
4760,,,
4761,,,
4762,,,ݛ
4763,,,
4764,,,
4765,,,
4766,,,
4767,,,
4768,,,
4769,˴,,˴
4770,,,
4771,,,
4772,,,
4773,,,Ŝ
4774,,,
4775,,,
4776,,,
4777,,,
4778,,,Ş
4779,,,œ
4780,,,
4781,,,
4782,,,
4783,,,
4784,,,
4785,,,
4786,,,
4787,,,A
4788,,,
4789,,,
4790,ͧ,,ͧ
4791,,,
4792,,,
4793,,,
4794,,,
4795,,,
4796,,,
4797,,,
4798,,,D
4799,ɫ,,ɫ
4800,,,G
4801,,,
4802,,,ˇ
4803,ܴ,,ܴ
4804,,,
4805,ܵ,,ܵ
4806,,,
4807,ܹ,,ܹ
4808,,,d
4809,ܷ,,ܷ
4810,,,
4811,,,
4812,ܺ,,ܺ
4813,ܶ,,ܶ
4814,ܻ,,ܻ
4815,â,,â
4816,ܼ,,G
4817,ܽ,,ܽ
4818,,,ʏ
4819,֥,,֥
4820,,,
4821,,,
4822,,,
4823,«,,J
4824,ܸ,,ܸ
4825,,,
4826,,,
4827,ܾ,,ܾ
4828,,,
4829,,,
4830,,,
4831,о,,о
4832,,,
4833,,,
4834,,,
4835,,,
4836,,,
4837,ܿ,,|
4838,,,
4839,d,,d
4840,ѿ,,ѿ
4841,,,
4842,,,ɐ
4843,,,S
4844,έ,,Ȕ
4845,,,˞
4846,,,
4847,,,{
4848,,,O
4849,,,n
4850,,,r
4851,,,K
4852,Է,,Է
4853,,,
4854,,,
4855,̦,,̦
4856,,,
4857,,,
4858,,,
4859,,,
4860,,,
4861,,,
4862,,,ƈ
4863,,,
4864,,,
4865,,,
4866,,,
4867,,,
4868,,,
4869,ɻ,,ɻ
4870,,,
4871,Ӣ,,Ӣ
4872,,,
4873,,,
4874,ƻ,,O
4875,,,
4876,ƅ,,ƅ
4877,,,
4878,ï,,ï
4879,,,
4880,,,
4881,é,,é
4882,,,
4883,,,
4884,,,
4885,,,
4886,,,o
4887,,,d
4888,,,\
4889,Ƌ,,Ƌ
4890,,,L
4891,,,
4892,,,
4893,,,
4894,ݢ,,ݢ
4895,,,
4896,Ə,,Ə
4897,,,O
4898,,,
4899,ã,,ã
4900,,,
4901,,,
4902,,,
4903,,,
4904,,,
4905,,,
4906,,,
4907,,,
4908,,,
4909,,,
4910,,,
4911,,,
4912,,,
4913,,,G
4914,,,
4915,,,
4916,,,
4917,,,]
4918,,,
4919,,,
4920,,,
4921,Q,,Q
4922,,,v
4923,,,ʁ
4924,,,ɜ
4925,,,w
4926,,,C
4927,,,j
4928,,,ʎ
4929,,,s
4930,,,ȝ
4931,,,
4932,,,
4933,ӫ,,
4934,ݡ,,n
4935,ݣ,,|
4936,ݥ,,p
4937,,,a
4938,ݤ,,{
4939,ݦ,,ȇ
4940,ҩ,,ˎ
4941,,,
4942,ݩ,,ݩ
4943,ݶ,,ݶ
4944,ݱ,,ݱ
4945,ݴ,,ݴ
4946,ݰ,,W
4947,,,
4948,,,
4949,ɯ,,ɯ
4950,,,
4951,ݮ,,ݮ
4952,ݷ,,ݷ
4953,q,,q
4954,,,
4955,ݯ,,ɉ
4956,ݸ,,ݸ
4957,ݬ,,ݬ
4958,ݹ,,ݹ
4959,ݳ,,ݳ
4960,ݭ,,ݭ
4961,Ī,,Ī
4962,ݨ,,ݨ
4963,,,R
4964,,,ɏ
4965,ݪ,,P
4966,ݫ,,n
4967,ݲ,,W
4968,,,@
4969,ݵ,,~
4970,Ө,,
4971,ݺ,,L
4972,ݻ,,O
4973,ç,,ç
4974,,,
4975,ݼ,,ݼ
4976,ǅ,,ǅ
4977,,,
4978,,,
4979,,,
4980,,,
4981,,,
4982,,,
4983,,,
4984,ݿ,,ݿ
4985,,,
4986,,,
4987,,,
4988,,,
4989,,,
4990,ݾ,,ݾ
4991,,,
4992,,,
4993,,,
4994,,,
4995,,,
4996,,,
4997,I,,I
4998,,,
4999,ݽ,,ݽ
5000,,,
5001,,,
5002,,,
5003,,,
5004,Ƽ,,Ƽ
5005,ή,,ή
5006,,,
5007,,,
5008,,,
5009,,,
5010,,,}
5011,ө,,Ξ
5012,Ӫ,,I
5013,,,M
5014,,,ʒ
5015,,,_
5016,c,,c
5017,,,
5018,,,
5019,,,
5020,,,
5021,,,
5022,,,
5023,Ȉ,,Ȉ
5024,ȋ,,ȋ
5025,,,
5026,,,
5027,,,
5028,,,
5029,,,
5030,,,
5031,,,
5032,,,
5033,,,
5034,,,
5035,,,[
5036,,,
5037,,,
5038,,,
5039,,,
5040,,,
5041,,,
5042,,,r
5043,,,
5044,,,ʉ
5045,,,Y
5046,,,V
5047,,,
5048,,,
5049,,,
5050,,,
5051,X,,X
5052,,,
5053,,,
5054,,,
5055,,,
5056,,,
5057,,,
5058,,,
5059,,,
5060,,,
5061,,,
5062,q,,q
5063,,,
5064,u,,u
5065,,,
5066,,,
5067,,,
5068,,,
5069,,,
5070,,,
5071,,,
5072,,,{
5073,,,E
5074,,,y
5075,,,ʚ
5076,,,v
5077,,,
5078,,,
5079,,,
5080,ޤ,,ޤ
5081,ޣ,,ޣ
5082,,,
5083,,,
5084,,,
5085,,,
5086,ε,,ε
5087,,,
5088,,,
5089,,,
5090,,,
5091,Ǿ,,N
5092,,,
5093,,,`
5094,,,A
5095,ޢ,,ޢ
5096,,,@
5097,,,
5098,ެ,,ެ
5099,ަ,,ަ
5100,,,
5101,,,
5102,ޡ,,ޡ
5103,ޥ,,ޥ
5104,ީ,,ީ
5105,ި,,ި
5106,ާ,,ާ
5107,ʕ,,ʕ
5108,ޭ,,I
5109,,,N
5110,޳,,޳
5111,ު,,ު
5112,ޮ,,ޮ
5113,,,
5114,,,
5115,޶,,޶
5116,ޱ,,ޱ
5117,޲,,޲
5118,Ѧ,,Ѧ
5119,޵,,޵
5120,ޯ,,ޯ
5121,ް,,ް
5122,н,,н
5123,޴,,˒
5124,,,
5125,޹,,޹
5126,޸,,޸
5127,޷,,޷
5128,޻,,
5129,,,
5130,,,
5131,,,
5132,޺,,\
5133,ź,,ź
5134,޼,,޼
5135,ˊ,,ˊ
5136,,,
5137,,,
5138,,,
5139,޽,,޽
5140,޿,,޿
5141,Ģ,,Ģ
5142,,,Y
5143,Z,,Z
5144,޾,,޾
5145,,,
5146,պ,,պ
5147,,,
5148,,,
5149,²,,̔
5150,Ű,,Ű
5151,,,]
5152,,,
5153,,,̓
5154,,,
5155,,,
5156,,,x
5157,,,
5158,,,l
5159,ʭ,,ʭ
5160,,,
5161,,,
5162,,,
5163,,,
5164,,,m
5165,Ϻ,,r
5166,,,ϊ
5167,ʴ,,g
5168,,,ρ
5169,,,Λ
5170,,,
5171,,,
5172,,,
5173,,,
5174,,,
5175,,,Q
5176,,,
5177,,,ϖ
5178,,,
5179,,,
5180,,,
5181,,,
5182,,,
5183,,,
5184,,,͘
5185,,,
5186,,,
5187,,,
5188,,,
5189,,,
5190,,,
5191,,,
5192,,,
5193,,,
5194,,,
5195,,,
5196,,,M
5197,,,
5198,,,Ϡ
5199,,,|
5200,,,
5201,,,
5202,,,
5203,,,
5204,,,
5205,,,
5206,,,
5207,,,
5208,,,
5209,,,
5210,,,
5211,,,U
5212,,,U
5213,,,͐
5214,,,u
5215,,,·
5216,,,ϓ
5217,,,
5218,Ӽ,,Ӽ
5219,,,
5220,,,
5221,,,
5222,,,
5223,,,
5224,,,
5225,,,
5226,,,
5227,,,
5228,͛,,͛
5229,,,
5230,,,
5231,,,͑
5232,,,΁
5233,֩,,֩
5234,,,
5235,,,
5236,,,
5237,,,Ϟ
5238,,,
5239,,,
5240,,,
5241,,,
5242,,,
5243,,,
5244,,,
5245,,,
5246,,,
5247,,,
5248,,,
5249,Ӭ,,ω
5250,,,X
5251,,,s
5252,,,
5253,Ы,,ϐ
5254,,,
5255,,,
5256,,,
5257,,,
5258,,,
5259,,,
5260,,,
5261,,,
5262,,,
5263,,,
5264,,,
5265,,,
5266,,,N
5267,,,
5268,,,ϔ
5269,,,
5270,,,
5271,,,
5272,,,
5273,,,
5274,,,
5275,,,
5276,,,
5277,Μ,,Μ
5278,Ο,,Ο
5279,,,\
5280,,,
5281,,,
5282,,,
5283,,,
5284,,,
5285,,,
5286,,,
5287,,,
5288,,,
5289,,,
5290,,,
5291,,,
5292,,,
5293,,,
5294,,,
5295,,,
5296,,,
5297,,,
5298,,,
5299,з,,з
5300,,,
5301,,,
5302,,,
5303,ώ,,ώ
5304,,,
5305,,,
5306,,,
5307,,,
5308,,,
5309,,,
5310,,,
5311,,,
5312,Ѫ,,Ѫ
5313,,,
5314,,,
5315,,,
5316,,,
5317,,,
5318,,,
5319,,,
5320,,,
5321,,,
5322,,,
5323,,,a
5324,,,
5325,,,
5326,,,
5327,,,r
5328,,,Ж
5329,˥,,˥
5330,,,
5331,,,
5332,,,
5333,,,
5334,,,
5335,Ԭ,,Ԭ
5336,,,
5337,,,\
5338,,,U
5339,Є,,Є
5340,,,
5341,,,
5342,,,
5343,̻,,̻
5344,,,
5345,А,,А
5346,,,m
5347,,,
5348,,,
5349,Р,,Р
5350,,,
5351,Ϯ,,u
5352,B,,B
5353,,,
5354,,,
5355,,,
5356,,,
5357,װ,,b
5358,,,d
5359,T,,T
5360,,,
5361,,,
5362,,,
5363,,,
5364,ԣ,,ԣ
5365,,,
5366,ȹ,,ȹ
5367,,,
5368,,,ў
5369,,,c
5370,,,ѝ
5371,,,M
5372,,,
5373,,,
5374,,,
5375,,,
5376,,,
5377,,,
5378,,,
5379,,,
5380,,,
5381,,,
5382,,,
5383,,,
5384,,,
5385,,,
5386,,,
5387,,,
5388,,,@
5389,,,
5390,,,
5391,,,
5392,,,
5393,,,
5394,,,h
5395,,,
5396,,,
5397,,,
5398,[,,[
5399,,,
5400,,,
5401,,,
5402,,,
5403,,,
5404,Ҫ,,Ҫ
5405,,,
5406,,,
5407,,,Ҋ
5408,,,^
5409,,,Ҏ
5410,,,Ғ
5411,,,ҕ
5412,,,җ
5413,,,[
5414,,,X
5415,,,J
5416,,,Ҡ
5417,,,]
5418,,,D
5419,,,M
5420,,,P
5421,,,U
5422,,,
5423,,,
5424,,,
5425,,,
5426,,,x
5427,,,
5428,,,
5429,,,|
5430,,,
5431,,,z
5432,v,,v
5433,,,
5434,,,
5435,ӈ,,ӈ
5436,,,
5437,,,
5438,,,
5439,ղ,,ղ
5440,,,u
5441,,,`
5442,,,
5443,,,
5444,,,
5445,Ʃ,,Ʃ
5446,,,Ӌ
5447,,,ӆ
5448,,,Ӈ
5449,,,J
5450,,,I
5451,ڦ,,ӓ
5452,ڧ,,ӏ
5453,,,ӑ
5454,,,׌
5455,ڨ,,Ә
5456,,,ә
5457,ѵ,,Ӗ
5458,,,h
5459,Ѷ,,Ӎ
5460,,,ӛ
5461,,,v
5462,,,M
5463,ک,,֎
5464,ڪ,,n
5465,,,Ӡ
5466,ګ,,G
5467,,,S
5468,,,Ӟ
5469,,,Փ
5470,,,A
5471,,,S
5472,,,O
5473,,,L
5474,,,E
5475,֤,,C
5476,ڬ,,b
5477,ڭ,,X
5478,,,u
5479,,,{
5480,ʶ,,R
5481,թ,,p
5482,,,V
5483,,,\
5484,ڮ,,g
5485,,,a
5486,,,~
5487,ڰ,,x
5488,گ,,t
5489,ם,,ם
5490,,,g
5491,ڱ,,r
5492,ڲ,,E
5493,ڳ,,C
5494,,,ԇ
5495,ڴ,,ԟ
5496,ʫ,,Ԋ
5497,ڵ,,ԑ
5498,ڶ,,Ԝ
5499,,,\
5500,,,D
5501,ڷ,,Ԗ
5502,,,Ԓ
5503,,,Q
5504,ڸ,,ԍ
5505,ڹ,,ԏ
5506,,,Ԏ
5507,ѯ,,ԃ
5508,,,Ԅ
5509,ں,,Պ
5510,,,ԓ
5511,,,Ԕ
5512,,,Ԍ
5513,ڻ,,՟
5514,ڼ,,Ԃ
5515,,,]
5516,,,_
5517,,,Z
5518,ڽ,,V
5519,,,`
5520,ھ,,a
5521,,,T
5522,,,d
5523,ڿ,,N
5524,˵,,f
5525,,,b
5526,,,Ո
5527,,,T
5528,,,Ռ
5529,ŵ,,Z
5530,,,x
5531,,,Վ
5532,,,u
5533,,,n
5534,,,Ն
5535,,,՘
5536,˭,,l
5537,,,Ք
5538,,,{
5539,,,~
5540,,,Տ
5541,׻,,Ձ
5542,,,r
5543,̸,,Մ
5544,,,x
5545,ı,,\
5546,,,R
5547,,,ՙ
5548,,,e
5549,,,G
5550,г,,C
5551,,,o
5552,,,]
5553,ν,,^
5554,,,@
5555,,,I
5556,,,X
5557,,,׋
5558,,,O
5559,,,V
5560,,,B
5561,,,i
5562,,,՛
5563,,,փ
5564,,,ו
5565,,,q
5566,л,,x
5567,ҥ,,{
5568,,,r
5569,,,u
5570,ǫ,,t
5571,,,k
5572,,,֔
5573,á,,֙
5574,,,ֆ
5575,,,v
5576,,,և
5577,̷,,T
5578,,,P
5579,,,S
5580,,,׎
5581,,,V
5582,,,H
5583,,,ח
5584,Ǵ,,l
5585,,,d
5586,,,׏
5587,,,
5588,,,
5589,,,
5590,,,
5591,,,
5592,,,
5593,,,
5594,,,
5595,,,
5596,,,
5597,g,,g
5598,,,
5599,ԥ,,ԥ
5600,,,
5601,,,
5602,,,
5603,,,
5604,,,
5605,,,
5606,,,
5607,,,
5608,ò,,ò
5609,,,
5610,,,
5611,,,ؐ
5612,,,ؑ
5613,,,ؓ
5614,,,ؕ
5615,,,ؔ
5616,,,؟
5617,,,t
5618,,,
5619,,,~
5620,,,؛
5621,,,|
5622,,,؜
5623,̰,,؝
5624,ƶ,,ؚ
5625,,,H
5626,,,ُ
5627,,,A
5628,,,؞
5629,,,E
5630,,,v
5631,,,S
5632,,,B
5633,,,N
5634,,,F
5635,,,L
5636,,,J
5637,ó,,Q
5638,,,M
5639,,,R
5640,,,O
5641,,,\
5642,,,ٗ
5643,,,Z
5644,,,V
5645,,,U
5646,¸,,T
5647,,,E
5648,,,Y
5649,,,W
5650,,,B
5651,,,g
5652,,,c
5653,,,l
5654,,,d
5655,,,x
5656,,,ـ
5657,,,}
5658,,,H
5659,,,p
5660,,,n
5661,P,,P
5662,,,s
5663,,,r
5664,,,ه
5665,׸,,٘
5666,,,َ
5667,׬,,ٍ
5668,,,ِ
5669,,,ّ
5670,,,I
5671,,,ٝ
5672,S,,S
5673,,,ٛ
5674,,,٠
5675,Ӯ,,A
5676,,,M
5677,,,
5678,,,
5679,,,
5680,W,,W
5681,,,
5682,,,
5683,,,
5684,,,
5685,,,
5686,,,w
5687,,,s
5688,,,
5689,,,
5690,,,
5691,,,
5692,Խ,,Խ
5693,,,څ
5694,,,
5695,,,
5696,,,
5697,Ȥ,,Ȥ
5698,,,ڎ
5699,,,
5700,ſ,,ſ
5701,,,
5702,,,O
5703,,,
5704,,,
5705,ֺ,,ֺ
5706,,,
5707,Ծ,,S
5708,,,ۄ
5709,,,
5710,,,
5711,,,
5712,,,
5713,,,
5714,ڝ,,ڝ
5715,,,
5716,,,
5717,,,
5718,,,
5719,,,
5720,,,
5721,,,V
5722,,,
5723,,,
5724,,,
5725,,,
5726,,,
5727,,,
5728,·,,·
5729,,,
5730,,,`
5731,Q,,Q
5732,,,E
5733,,,ۋ
5734,,,]
5735,,,
5736,,,Q
5737,,,
5738,,,
5739,,,
5740,ӻ,,x
5741,,,P
5742,̤,,̤
5743,,,
5744,,,
5745,,,
5746,,,
5747,,,
5748,,,
5749,,,
5750,,,ۙ
5751,,,W
5752,,,
5753,,,U
5754,,,
5755,,,
5756,y,,y
5757,,,
5758,,,
5759,,,
5760,,,
5761,,,
5762,,,
5763,,,
5764,ۂ,,ۂ
5765,,,
5766,,,
5767,,,
5768,,,
5769,̣,,̣
5770,ۈ,,ۈ
5771,,,b
5772,,,ۘ
5773,ۉ,,ۉ
5774,,,
5775,ۑ,,ۑ
5776,ۗ,,ۗ
5777,,,
5778,,,
5779,,,
5780,,,
5781,,,
5782,,,X
5783,,,
5784,,,
5785,,,
5786,,,
5787,G,,G
5788,H,,H
5789,,,f
5790,,,
5791,,,
5792,,,
5793,,,k
5794,,,
5795,,,
5796,,,g
5797,,,
5798,,,
5799,,,
5800,,,|
5801,,,
5802,,,
5803,,,܇
5804,,,܈
5805,,,܉
5806,,,܎
5807,a,,a
5808,,,ܐ
5809,ת,,D
5810,,,ܗ
5811,,,݆
5812,,,ܛ
5813,,,Z
5814,,,M
5815,,,V
5816,,,_
5817,,,S
5818,,,T
5819,,,W
5820,,,ܠ
5821,,,F
5822,,,]
5823,,,U
5824,,,p
5825,,,Y
5826,,,d
5827,,,e
5828,,,I
5829,b,,b
5830,,,b
5831,,,`
5832,,,^
5833,,,m
5834,,,o
5835,,,v
5836,,,݂
5837,,,݅
5838,,,x
5839,,,݁
5840,,,y
5841,c,,c
5842,,,z
5843,,,w
5844,,,ݏ
5845,,,ݗ
5846,,,݋
5847,d,,d
5848,,,ݔ
5849,,,\
5850,ԯ,,@
5851,Ͻ,,ݠ
5852,շ,,ݚ
5853,,,A
5854,,,H
5855,,,O
5856,,,
5857,,,
5858,,,o
5859,,,
5860,,,
5861,,,
5862,,,q
5863,,,p
5864,,,
5865,,,
5866,,,߅
5867,,,|
5868,,,_
5869,Ǩ,,w
5870,,,
5871,,,
5872,Ѹ,,Ѹ
5873,,,^
5874,,,~
5875,ӭ,,ӭ
5876,,,\
5877,,,
5878,,,
5879,,,
5880,,,
5881,,,߀
5882,,,@
5883,,,M
5884,Զ,,h
5885,Υ,,`
5886,,,B
5887,,,t
5888,,,
5889,,,
5890,,,
5891,,,
5892,,,
5893,,,߃
5894,,,
5895,,,
5896,,,B
5897,,,
5898,,,
5899,,,
5900,,,
5901,,,E
5902,׷,,׷
5903,,,
5904,,,
5905,,,m
5906,,,
5907,,,
5908,,,
5909,,,
5910,ѡ,,x
5911,ѷ,,d
5912,,,
5913,,,
5914,͸,,͸
5915,,,
5916,,,
5917,,,f
5918,;,,;
5919,,,
5920,,,
5921,ͨ,,ͨ
5922,,,
5923,,,
5924,,,
5925,,,
5926,,,
5927,,,
5928,,,
5929,,,ߊ
5930,,,
5931,,,
5932,,,
5933,,,
5934,,,
5935,,,
5936,,,߉
5937,,,
5938,,,
5939,,,
5940,,,
5941,,,
5942,,,
5943,,,
5944,,,
5945,,,
5946,,,
5947,,,
5948,,,
5949,,,z
5950,,,
5951,,,
5952,,,
5953,ǲ,,ǲ
5954,ң,,b
5955,,,
5956,,,
5957,,,
5958,,,
5959,,,
5960,,,
5961,,,
5962,,,
5963,,,
5964,,,
5965,,,
5966,,,
5967,,,
5968,,,
5969,,,
5970,,,
5971,,,
5972,,,
5973,,,
5974,,,
5975,,,
5976,,,
5977,,,
5978,а,,а
5979,,,w
5980,,,]
5981,,,
5982,ۢ,,ۢ
5983,,,
5984,,,
5985,,,
5986,,,
5987,,,
5988,ۡ,,ۡ
5989,,,u
5990,,,
5991,,,
5992,ߞ,,ߞ
5993,ۥ,,ۥ
5994,,,
5995,ۧ,,S
5996,ۤ,,ۤ
5997,ۨ,,ۨ
5998,C,,C
5999,,,
6000,,,
6001,ۣ,,P
6002,ۦ,,
6003,֣,,
6004,۩,,i
6005,ۭ,,ۭ
6006,N,,N
6007,ۮ,,ۮ
6008,۬,,۬
6009,,,
6010,,,
6011,۫,,۫
6012,S,,S
6013,۪,,B
6014,,,y
6015,,,
6016,ۯ,,ۯ
6017,,,
6018,۰,,۰
6019,,,
6020,,,
6021,,,
6022,۱,,۱
6023,d,,d
6024,,,
6025,۲,,۲
6026,o,,o
6027,{,,{
6028,,,
6029,۴,,۴
6030,۳,,۳
6031,۵,,۵
6032,۷,,۷
6033,۶,,۶
6034,۸,,۸
6035,۹,,۹
6036,ۺ,,ۺ
6037,,,
6038,,,
6039,,,
6040,,,
6041,,,
6042,,,
6043,,,
6044,,,
6045,,,
6046,,,
6047,,,
6048,,,j
6049,̪,,̪
6050,,,
6051,,,
6052,,,
6053,,,
6054,,,
6055,N,,N
6056,,,
6057,,,
6058,,,
6059,ͪ,,ͪ
6060,,,
6061,,,
6062,,,u
6063,,,
6064,,,
6065,,,
6066,ø,,ø
6067,,,
6068,,,
6069,,,
6070,,,
6071,,,
6072,,,
6073,,,
6074,,,
6075,,,
6076,,,
6077,,,
6078,,,
6079,,,
6080,,,
6081,,,
6082,,,
6083,ȩ,,ȩ
6084,,,
6085,,,
6086,,,
6087,,,
6088,,,
6089,,,
6090,,,
6091,,,
6092,,,
6093,,,
6094,,,
6095,,,
6096,,,Y
6097,,,
6098,Ұ,,Ұ
6099,,,
6100,,,
6101,,,
6102,,,b
6103,,,
6104,,,
6105,],,]
6106,,,
6107,,,Y
6108,,,
6109,,,
6110,,,
6111,,,
6112,,,
6113,,,
6114,,,
6115,,,
6116,,,
6117,,,
6118,,,
6119,,,
6120,,,
6121,,,Q
6122,ǥ,,F
6123,,,A
6124,,,
6125,,,C
6126,,,
6127,,,{
6128,,,S
6129,,,O
6130,,,
6131,,,}
6132,,,b
6133,,,
6134,,,g
6135,,,n
6136,,,
6137,,,c
6138,,,^
6139,,,
6140,,,k
6141,,,j
6142,Կ,,
6143,,,J
6144,,,x
6145,,,u
6146,,,^
6147,,,
6148,,,[
6149,,,
6150,,,^
6151,ť,,o
6152,,,Z
6153,,,
6154,Ǯ,,X
6155,,,`
6156,ǯ,,Q
6157,,,
6158,,,
6159,,,O
6160,,,
6161,,,X
6162,,,@
6163,,,f
6164,,,g
6165,,,
6166,,,
6167,,,
6168,,,F
6169,,,K
6170,,,
6171,,,p
6172,Ǧ,,U
6173,í,,T
6174,,,
6175,,,C
6176,,,B
6177,,,G
6178,,,
6179,,,
6180,,,I
6181,,,D
6182,,,
6183,,,s
6184,,,B
6185,,,e
6186,,,y
6187,,,t
6188,,,
6189,,,K
6190,ͭ,,~
6191,,,X
6192,,,H
6193,,,
6194,,,z
6195,ա,,
6196,,,
6197,ϳ,,
6198,,,b
6199,,,A
6200,,,f
6201,,,
6202,,,|
6203,,,x
6204,,,
6205,,,t
6206,,,
6207,,,P
6208,,,C
6209,,,q
6210,ҿ,,
6211,,,P
6212,,,|
6213,,,|
6214,,,@
6215,,,y
6216,,,
6217,,,T
6218,,,
6219,,,
6220,,,
6221,,,n
6222,,,
6223,,,
6224,,,H
6225,,,N
6226,,,i
6227,,,
6228,,,{
6229,,,z
6230,,,
6231,,,
6232,,,~
6233,,,P
6234,,,S
6235,,,s
6236,,,h
6237,п,,\
6238,,,
6239,,,
6240,,,J
6241,,,R
6242,,,Z
6243,,,u
6244,,,|
6245,,,H
6246,,,
6247,,,N
6248,,,
6249,,,e
6250,ê,,^
6251,,,Q
6252,,,
6253,,,u
6254,,,
6255,,,K
6256,,,a
6257,,,d
6258,,,
6259,,,N
6260,׶,,F
6261,,,\
6262,@,,@
6263,,,v
6264,,,
6265,,,x
6266,,,
6267,,,U
6268,,,V
6269,,,I
6270,,,
6271,,,i
6272,,,O
6273,,,
6274,,,|
6275,,,I
6276,,,J
6277,,,
6278,,,
6279,,,@
6280,,,
6281,B,,B
6282,,,D
6283,,,X
6284,,,
6285,þ,,V
6286,,,U
6287,C,,C
6288,,,
6289,,,[
6290,,,
6291,,,
6292,D,,D
6293,,,k
6294,,,
6295,E,,E
6296,,,
6297,,,
6298,,,
6299,,,y
6300,,,
6301,,,^
6302,,,
6303,,,
6304,,,\
6305,,,S
6306,,,M
6307,,,N
6308,G,,G
6309,,,O
6310,,,R
6311,,,C
6312,,,
6313,H,,H
6314,,,
6315,,,
6316,,,
6317,,,h
6318,,,u
6319,,,
6320,,,|
6321,,,
6322,,,
6323,,,j
6324,,,
6325,,,Z
6326,,,D
6327,,,C
6328,,,
6329,,,O
6330,,,d
6331,,,s
6332,J,,J
6333,K,,K
6334,,,
6335,,,L
6336,,,T
6337,,,V
6338,,,W
6339,,,]
6340,,,
6341,,,J
6342,,,c
6343,,,
6344,,,e
6345,,,b
6346,,,g
6347,,,h
6348,,,`
6349,,,
6350,բ,,l
6351,,,[
6352,,,|
6353,,,
6354,,,Y
6355,,,}
6356,,,
6357,],,]
6358,,,y
6359,,,w
6360,,,u
6361,,,
6362,,,b
6363,,,
6364,,,
6365,^,,^
6366,,,
6367,,,
6368,,,
6369,,,]
6370,,,
6371,,,
6372,,,
6373,,,
6374,,,U
6375,,,@
6376,,,
6377,,,
6378,,,
6379,,,H
6380,,,D
6381,`,,`
6382,,,I
6383,,,R
6384,,,
6385,,,
6386,,,
6387,,,
6388,,,
6389,,,
6390,,,
6391,,,
6392,,,
6393,,,
6394,,,
6395,,,A
6396,,,
6397,,,
6398,,,
6399,,,
6400,,,
6401,,,
6402,,,
6403,,,H
6404,½,,
6405,¤,,]
6406,,,
6407,,,
6408,ª,,ª
6409,İ,,İ
6410,,,
6411,,,
6412,,,
6413,,,
6414,,,
6415,,,
6416,,,
6417,Ժ,,Ժ
6418,,,
6419,,,
6420,,,E
6421,,,U
6422,,,
6423,,,
6424,,,
6425,,,
6426,,,
6427,,,
6428,,,
6429,,,
6430,¡,,¡
6431,,,
6432,,,
6433,,,
6434,,,S
6435,,,[
6436,,,
6437,,,
6438,,,
6439,϶,,϶
6440,,,
6441,,,
6442,,,
6443,,,
6444,,,`
6445,,,
6446,,,h
6447,,,y
6448,ȸ,,ȸ
6449,,,
6450,,,
6451,,,
6452,,,
6453,,,
6454,,,
6455,,,
6456,Ӻ,,Ӻ
6457,,,
6458,,,r
6459,,,
6460,,,
6461,,,ׇ
6462,,,
6463,,,
6464,ѩ,,ѩ
6465,,,
6466,,,Z
6467,,,
6468,,,
6469,,,
6470,,,F
6471,,,
6472,,,V
6473,,,
6474,,,
6475,,,
6476,,,
6477,ù,,q
6478,,,
6479,,,
6480,,,
6481,,,
6482,,,
6483,˪,,˪
6484,ϼ,,ϼ
6485,,,
6486,,,\
6487,,,
6488,¶,,¶
6489,,,
6490,,,
6491,,,
6492,,,
6493,,,n
6494,,,
6495,,,o
6496,,,
6497,,,
6498,,,
6499,,,
6500,,,
6501,,,v
6502,,,
6503,},,}
6504,,,
6505,ѥ,,ѥ
6506,,,
6507,,,
6508,,,
6509,,,
6510,,,
6511,,,
6512,,,
6513,,,
6514,Ь,,Ь
6515,,,
6516,,,^
6517,,,X
6518,,,
6519,,,
6520,B,,B
6521,,,
6522,G,,G
6523,H,,H
6524,,,
6525,,,
6526,,,d
6527,,,
6528,,,x
6529,],,]
6530,Τ,,f
6531,,,g
6532,,,
6533,,,n
6534,,,t
6535,,,y
6536,,,w
6537,,,
6538,,,
6539,,,
6540,,,
6541,ҳ,,
6542,,,
6543,,,
6544,,,
6545,,,
6546,˳,,
6547,,,
6548,,,
6549,,,B
6550,,,
6551,,,D
6552,,,
6553,,,C
6554,,,
6555,,,@
6556,Ԥ,,A
6557,­,,B
6558,,,I
6559,,,H
6560,,,i
6561,,,R
6562,,,a
6563,F,,F
6564,,,M
6565,,,}
6566,,,W
6567,,,U
6568,Ƶ,,l
6569,,,j
6570,,,h
6571,ӱ,,f
6572,,,w
6573,,,}
6574,J,,J
6575,,,
6576,,,
6577,,,
6578,,,~
6579,,,D
6580,,,
6581,,,
6582,,,
6583,,,
6584,,,
6585,,,
6586,,,A
6587,ȧ,,E
6588,,,L
6589,s,,s
6590,,,R
6591,,,S
6592,,,Z
6593,t,,t
6594,,,`
6595,v,,v
6596,Ʈ,,h
6597,,,j
6598,,,w
6599,ʳ,,ʳ
6600,,,
6601,,,
6602,,,
6603,,,
6604,,,
6605,,,
6606,,,
6607,,,
6608,,,h
6609,,,
6610,,,q
6611,,,
6612,,,
6613,,,
6614,,,
6615,,,
6616,,,T
6617,,,
6618,,,
6619,,,
6620,,,
6621,,,
6622,,,D
6623,,,
6624,,,A
6625,,,
6626,,,
6627,,,
6628,,,
6629,,,
6630,,,G
6631,,,I
6632,,,N
6633,,,H
6634,,,
6635,,,Q
6636,,,W
6637,,,^
6638,,,l
6639,,,
6640,,,
6641,,,t
6642,,,
6643,@,,@
6644,,,x
6645,,,s
6646,,,}
6647,,,~
6648,,,z
6649,,,
6650,,,
6651,,,
6652,,,
6653,ظ,,ظ
6654,,,
6655,,,
6656,,,
6657,ܰ,,ܰ
6658,,,R
6659,Ԧ,,S
6660,,,W
6661,ѱ,,Z
6662,,,Y
6663,,,
6664,,,g
6665,¿,,H
6666,,,z
6667,ʻ,,
6668,,,
6669,,,
6670,,,x
6671,,,|
6672,פ,,v
6673,,,
6674,,,w
6675,,,{
6676,,,A
6677,,,~
6678,,,
6679,,,R
6680,,,
6681,,,
6682,,,
6683,,,
6684,,,
6685,,,P
6686,,,G
6687,,,
6688,U,,U
6689,V,,V
6690,,,E
6691,,,U
6692,,,T
6693,,,S
6694,,,K
6695,,,
6696,ƭ,,_
6697,,,s
6698,Y,,Y
6699,ɧ,,}
6700,,,\
6701,,,
6702,,,t
6703,,,q
6704,,,~
6705,,,
6706,,,
6707,,,
6708,,,
6709,,,E
6710,,,K
6711,,,J
6712,,,
6713,,,
6714,,,
6715,,,
6716,,,
6717,,,
6718,,,
6719,,,
6720,,,
6721,,,
6722,,,t
6723,,,y
6724,,,x
6725,,,
6726,,,
6727,,,
6728,,,
6729,,,
6730,,,
6731,,,
6732,,,
6733,,,
6734,,,
6735,,,
6736,,,
6737,,,
6738,,,W
6739,,,
6740,,,
6741,,,
6742,ت,,ت
6743,h,,h
6744,,,
6745,,,
6746,,,
6747,,,
6748,,,
6749,,,
6750,,,
6751,q,,q
6752,,,|
6753,,,
6754,,,u
6755,,,
6756,κ,,κ
6757,,,
6758,ħ,,ħ
6759,,,~
6760,,,
6761,,,
6762,,,
6763,,,
6764,³,,
6765,,,
6766,,,
6767,,,E
6768,,,G
6769,,,R
6770,,,|
6771,,,
6772,,,
6773,,,V
6774,,,
6775,,,U
6776,,,c
6777,,,
6778,,,T
6779,,,q
6780,,,n
6781,,,
6782,,,q
6783,,,o
6784,,,r
6785,,,
6786,,,\
6787,,,
6788,,,~
6789,,,
6790,,,
6791,,,
6792,,,
6793,,,
6794,,,
6795,,,
6796,,,
6797,,,
6798,,,a
6799,,,
6800,,,
6801,,,N
6802,,,
6803,,,O
6804,,,E
6805,,,H
6806,,,K
6807,,,A
6808,,,F
6809,,,
6810,,,L
6811,,,
6812,,,X
6813,,,
6814,,,a
6815,,,l
6816,,,
6817,,,
6818,,,
6819,,,
6820,,,w
6821,,,{
6822,,,q
6823,,,v
6824,,,m
6825,,,
6826,,,
6827,,,c
6828,,,
6829,,,
6830,,,
6831,,,
6832,,,
6833,,,
6834,,,
6835,,,B
6836,,,L
6837,,,M
6838,,,
6839,,,
6840,,,I
6841,,,
6842,,,Z
6843,,,X
6844,,,[
6845,,,V
6846,,,
6847,,,k
6848,A,,A
6849,,,B
6850,,,F
6851,,,u
6852,,,S
6853,,,Q
6854,\,,\
6855,Ÿ,,t
6856,ѻ,,f
6857,,,d
6858,,,c
6859,,,
6860,,,
6861,,,R
6862,Ѽ,,
6863,^,,^
6864,,,
6865,_,,_
6866,,,|
6867,,,z
6868,ԧ,,x
6869,,,r
6870,,,
6871,,,v
6872,,,
6873,,,
6874,,,
6875,a,,a
6876,b,,b
6877,,,
6878,,,[
6879,,,
6880,c,,c
6881,,,P
6882,,,Z
6883,,,N
6884,,,]
6885,,,Z
6886,,,O
6887,,,
6888,,,Y
6889,,,^
6890,ȵ,,o
6891,,,
6892,,,g
6893,,,l
6894,,,i
6895,e,,e
6896,,,
6897,,,
6898,,,
6899,,,X
6900,,,\
6901,,,B
6902,,,F
6903,k,,k
6904,,,_
6905,l,,l
6906,m,,m
6907,n,,n
6908,,,Y
6909,,,Q
6910,,,W
6911,,,p
6912,,,w
6913,,,
6914,,,
6915,,,
6916,,,
6917,,,
6918,q,,q
6919,ӥ,,
6920,,,I
6921,s,,s
6922,,,X
6923,¹,,¹
6924,,,
6925,,,
6926,,,
6927,,,
6928,,,
6929,´,,´
6930,,,
6931,,,
6932,,,
6933,,,
6934,,,
6935,,,N
6936,,,
6937,,,S
6938,V,,V
6939,,,Z
6940,,,
6941,,,
6942,,,
6943,,,
6944,ǭ,,ǭ
6945,Ĭ,,Ĭ
6946,,,
6947,,,
6948,,,
6949,,,
6950,,,
6951,,,
6952,,,
6953,,,
6954,,,t
6955,,,
6956,,,
6957,,,
6958,,,
6959,,,w
6960,,,x
6961,,,
6962,,,
6963,ؾ,,ؾ
6964,,,
6965,,,
6966,ػ,,ػ
6967,ܱ,,ܱ
6968,,,
6969,,,
6970,,,
6971,,,
6972,,,
6973,,,
6974,,,
6975,,,
6976,,,B
6977,,,
6978,,,
6979,J,,J
6980,Q,,Q
6981,,,R
6982,,,W
6983,,,X
6984,,,Z
6985,,,
6986,,,e
6987,,,g
6988,,,_
6989,,,f
6990,,,b
6991,,,l
6992,,,r
6993,,,p
6994,ȣ,,x
6995,,,}
6996,,,
6997,,,
6998,,,
6999,,,
7000,,,
